subj,object_response,category,condition,imagename
subject-04,bear,cat,15,0001_lp_s04_15_cat_10_n02125311_24439.png
subject-04,bear,elephant,10,0002_lp_s04_10_elephant_10_n02504458_3648.png
subject-04,bird,car,15,0003_lp_s04_15_car_10_n02814533_36206.png
subject-04,dog,dog,5,0004_lp_s04_5_dog_10_n02107683_1076.png
subject-04,boat,clock,40,0005_lp_s04_40_clock_10_n04548280_2942.png
subject-04,elephant,elephant,0,0006_lp_s04_0_elephant_10_n02504013_3569.png
subject-04,chair,chair,10,0007_lp_s04_10_chair_10_n03376595_9176.png
subject-04,bird,bird,5,0008_lp_s04_5_bird_10_n01824575_4941.png
subject-04,airplane,airplane,3,0009_lp_s04_3_airplane_10_n02690373_3993.png
subject-04,clock,bottle,7,0010_lp_s04_7_bottle_10_n04591713_6923.png
subject-04,chair,chair,15,0011_lp_s04_15_chair_10_n04429376_16192.png
subject-04,clock,bottle,7,0012_lp_s04_7_bottle_10_n03937543_3358.png
subject-04,knife,knife,0,0013_lp_s04_0_knife_10_n03041632_22570.png
subject-04,car,bottle,3,0014_lp_s04_3_bottle_10_n02823428_7650.png
subject-04,boat,bird,40,0015_lp_s04_40_bird_10_n02018795_4730.png
subject-04,bicycle,bicycle,0,0016_lp_s04_0_bicycle_10_n03792782_8287.png
subject-04,car,car,3,0017_lp_s04_3_car_10_n03100240_7836.png
subject-04,elephant,bear,7,0018_lp_s04_7_bear_10_n02134418_5326.png
subject-04,boat,bottle,40,0019_lp_s04_40_bottle_10_n04560804_3392.png
subject-04,oven,bird,10,0020_lp_s04_10_bird_10_n01616318_2290.png
subject-04,boat,boat,1,0021_lp_s04_1_boat_10_n03344393_4616.png
subject-04,dog,truck,10,0022_lp_s04_10_truck_10_n03417042_1437.png
subject-04,bear,bear,10,0023_lp_s04_10_bear_10_n02134418_3793.png
subject-04,keyboard,oven,10,0024_lp_s04_10_oven_10_n04111531_7619.png
subject-04,truck,truck,5,0025_lp_s04_5_truck_10_n04467665_34253.png
subject-04,chair,oven,1,0026_lp_s04_1_oven_10_n04111531_2715.png
subject-04,keyboard,keyboard,7,0027_lp_s04_7_keyboard_10_n04505470_1120.png
subject-04,bottle,bottle,0,0028_lp_s04_0_bottle_10_n02823428_40.png
subject-04,clock,boat,40,0029_lp_s04_40_boat_10_n02951358_16196.png
subject-04,keyboard,keyboard,15,0030_lp_s04_15_keyboard_10_n04505470_1479.png
subject-04,elephant,elephant,1,0031_lp_s04_1_elephant_10_n02504458_1626.png
subject-04,bird,bird,3,0032_lp_s04_3_bird_10_n01616318_6874.png
subject-04,boat,keyboard,15,0033_lp_s04_15_keyboard_10_n03085013_24416.png
subject-04,airplane,knife,15,0034_lp_s04_15_knife_10_n03041632_289.png
subject-04,boat,car,15,0035_lp_s04_15_car_10_n02814533_9785.png
subject-04,boat,boat,3,0036_lp_s04_3_boat_10_n03662601_14478.png
subject-04,clock,clock,5,0037_lp_s04_5_clock_10_n04548280_1097.png
subject-04,dog,bottle,15,0038_lp_s04_15_bottle_10_n03937543_5678.png
subject-04,dog,keyboard,10,0039_lp_s04_10_keyboard_10_n03085013_5542.png
subject-04,chair,chair,0,0040_lp_s04_0_chair_10_n03376595_1981.png
subject-04,boat,boat,1,0041_lp_s04_1_boat_10_n03662601_11901.png
subject-04,elephant,elephant,3,0042_lp_s04_3_elephant_10_n02504013_3418.png
subject-04,keyboard,airplane,40,0043_lp_s04_40_airplane_10_n02690373_9687.png
subject-04,chair,bicycle,15,0044_lp_s04_15_bicycle_10_n03792782_13051.png
subject-04,chair,oven,15,0045_lp_s04_15_oven_10_n04111531_9113.png
subject-04,airplane,airplane,7,0046_lp_s04_7_airplane_10_n02690373_8789.png
subject-04,cat,cat,0,0047_lp_s04_0_cat_10_n02125311_35785.png
subject-04,airplane,airplane,0,0048_lp_s04_0_airplane_10_n02690373_3212.png
subject-04,truck,truck,1,0049_lp_s04_1_truck_10_n03417042_9480.png
subject-04,bottle,bottle,1,0050_lp_s04_1_bottle_10_n04591713_4764.png
subject-04,clock,clock,40,0051_lp_s04_40_clock_10_n04548280_4143.png
subject-04,bear,bear,3,0052_lp_s04_3_bear_10_n02133161_8614.png
subject-04,oven,oven,5,0053_lp_s04_5_oven_10_n04111531_15682.png
subject-04,clock,clock,5,0054_lp_s04_5_clock_10_n04548280_2421.png
subject-04,airplane,airplane,0,0055_lp_s04_0_airplane_10_n02690373_10114.png
subject-04,car,car,3,0056_lp_s04_3_car_10_n03100240_8987.png
subject-04,chair,oven,3,0057_lp_s04_3_oven_10_n04111531_5171.png
subject-04,cat,elephant,40,0058_lp_s04_40_elephant_10_n02504458_5875.png
subject-04,bear,clock,15,0059_lp_s04_15_clock_10_n04548280_8998.png
subject-04,oven,oven,3,0060_lp_s04_3_oven_10_n04111531_4370.png
subject-04,keyboard,bird,10,0061_lp_s04_10_bird_10_n02011460_17499.png
subject-04,boat,bear,15,0062_lp_s04_15_bear_10_n02134084_22736.png
subject-04,elephant,elephant,5,0063_lp_s04_5_elephant_10_n02504013_4424.png
subject-04,clock,cat,40,0064_lp_s04_40_cat_10_n02123159_4348.png
subject-04,clock,knife,5,0065_lp_s04_5_knife_10_n03041632_29285.png
subject-04,boat,boat,10,0066_lp_s04_10_boat_10_n03662601_8067.png
subject-04,bear,elephant,5,0067_lp_s04_5_elephant_10_n02504013_1088.png
subject-04,oven,knife,15,0068_lp_s04_15_knife_10_n03041632_24326.png
subject-04,knife,knife,0,0069_lp_s04_0_knife_10_n03041632_32337.png
subject-04,airplane,airplane,0,0070_lp_s04_0_airplane_10_n02690373_1386.png
subject-04,boat,bear,40,0071_lp_s04_40_bear_10_n02134084_12428.png
subject-04,keyboard,oven,15,0072_lp_s04_15_oven_10_n04111531_8793.png
subject-04,truck,truck,1,0073_lp_s04_1_truck_10_n03417042_820.png
subject-04,dog,bear,10,0074_lp_s04_10_bear_10_n02133161_5106.png
subject-04,truck,truck,1,0075_lp_s04_1_truck_10_n04467665_50932.png
subject-04,dog,dog,1,0076_lp_s04_1_dog_10_n02091467_3403.png
subject-04,oven,clock,5,0077_lp_s04_5_clock_10_n02708093_8051.png
subject-04,elephant,elephant,3,0078_lp_s04_3_elephant_10_n02504458_205.png
subject-04,clock,clock,3,0079_lp_s04_3_clock_10_n03196217_8325.png
subject-04,dog,dog,0,0080_lp_s04_0_dog_10_n02088094_3274.png
subject-04,cat,cat,1,0081_lp_s04_1_cat_10_n02124075_7663.png
subject-04,bear,clock,15,0082_lp_s04_15_clock_10_n04548280_7181.png
subject-04,bottle,bottle,3,0083_lp_s04_3_bottle_10_n04591713_7134.png
subject-04,cat,airplane,7,0084_lp_s04_7_airplane_10_n02690373_5146.png
subject-04,dog,dog,3,0085_lp_s04_3_dog_10_n02088364_4980.png
subject-04,bird,dog,10,0086_lp_s04_10_dog_10_n02091032_9464.png
subject-04,dog,bear,7,0087_lp_s04_7_bear_10_n02134418_258.png
subject-04,dog,dog,10,0088_lp_s04_10_dog_10_n02085782_7651.png
subject-04,clock,clock,15,0089_lp_s04_15_clock_10_n03196217_2488.png
subject-04,bird,bird,5,0090_lp_s04_5_bird_10_n01819313_3505.png
subject-04,dog,dog,3,0091_lp_s04_3_dog_10_n02113023_12640.png
subject-04,chair,boat,15,0092_lp_s04_15_boat_10_n02951358_29341.png
subject-04,oven,cat,15,0093_lp_s04_15_cat_10_n02123045_20570.png
subject-04,oven,keyboard,15,0094_lp_s04_15_keyboard_10_n03085013_7955.png
subject-04,bear,bicycle,15,0095_lp_s04_15_bicycle_10_n03792782_5629.png
subject-04,boat,car,40,0096_lp_s04_40_car_10_n03100240_5018.png
subject-04,boat,oven,7,0097_lp_s04_7_oven_10_n04111531_14208.png
subject-04,car,car,1,0098_lp_s04_1_car_10_n02814533_43868.png
subject-04,bottle,dog,15,0099_lp_s04_15_dog_10_n02091244_10926.png
subject-04,elephant,elephant,5,0100_lp_s04_5_elephant_10_n02504013_9396.png
subject-04,car,car,3,0101_lp_s04_3_car_10_n02814533_35386.png
subject-04,airplane,airplane,5,0102_lp_s04_5_airplane_10_n02690373_2579.png
subject-04,cat,cat,1,0103_lp_s04_1_cat_10_n02124075_2268.png
subject-04,knife,bird,15,0104_lp_s04_15_bird_10_n01530575_10601.png
subject-04,clock,clock,7,0105_lp_s04_7_clock_10_n03196217_1272.png
subject-04,bird,bird,0,0106_lp_s04_0_bird_10_n02017213_1163.png
subject-04,airplane,airplane,0,0107_lp_s04_0_airplane_10_n02690373_20690.png
subject-04,bird,bird,3,0108_lp_s04_3_bird_10_n01531178_15380.png
subject-04,chair,truck,7,0109_lp_s04_7_truck_10_n03796401_8212.png
subject-04,bear,bear,0,0110_lp_s04_0_bear_10_n02134084_7790.png
subject-04,bird,bird,5,0111_lp_s04_5_bird_10_n02025239_7919.png
subject-04,boat,boat,15,0112_lp_s04_15_boat_10_n04273569_3095.png
subject-04,bear,truck,15,0113_lp_s04_15_truck_10_n04467665_39317.png
subject-04,airplane,airplane,3,0114_lp_s04_3_airplane_10_n02690373_5056.png
subject-04,boat,boat,3,0115_lp_s04_3_boat_10_n02951358_33722.png
subject-04,chair,chair,0,0116_lp_s04_0_chair_10_n03376595_13927.png
subject-04,dog,dog,7,0117_lp_s04_7_dog_10_n02091467_13440.png
subject-04,chair,cat,5,0118_lp_s04_5_cat_10_n02125311_22884.png
subject-04,boat,dog,40,0119_lp_s04_40_dog_10_n02105162_2662.png
subject-04,cat,knife,10,0120_lp_s04_10_knife_10_n03041632_20707.png
subject-04,na,keyboard,10,0121_lp_s04_10_keyboard_10_n03085013_14351.png
subject-04,boat,airplane,10,0122_lp_s04_10_airplane_10_n02690373_13326.png
subject-04,airplane,airplane,1,0123_lp_s04_1_airplane_10_n02690373_2724.png
subject-04,truck,truck,1,0124_lp_s04_1_truck_10_n03417042_18554.png
subject-04,bear,keyboard,15,0125_lp_s04_15_keyboard_10_n03085013_22496.png
subject-04,clock,clock,1,0126_lp_s04_1_clock_10_n02708093_3605.png
subject-04,bear,elephant,10,0127_lp_s04_10_elephant_10_n02504458_4587.png
subject-04,clock,clock,1,0128_lp_s04_1_clock_10_n03196217_7836.png
subject-04,car,car,7,0129_lp_s04_7_car_10_n04285008_13094.png
subject-04,bicycle,bicycle,1,0130_lp_s04_1_bicycle_10_n03792782_51466.png
subject-04,bird,bird,1,0131_lp_s04_1_bird_10_n02033041_11415.png
subject-04,chair,knife,40,0132_lp_s04_40_knife_10_n03041632_24950.png
subject-04,keyboard,oven,15,0133_lp_s04_15_oven_10_n04111531_5168.png
subject-04,elephant,elephant,5,0134_lp_s04_5_elephant_10_n02504013_22704.png
subject-04,keyboard,keyboard,3,0135_lp_s04_3_keyboard_10_n03085013_24578.png
subject-04,elephant,elephant,0,0136_lp_s04_0_elephant_10_n02504013_1187.png
subject-04,bottle,bottle,1,0137_lp_s04_1_bottle_10_n04560804_22426.png
subject-04,clock,clock,10,0138_lp_s04_10_clock_10_n03196217_9160.png
subject-04,cat,dog,3,0139_lp_s04_3_dog_10_n02098105_1217.png
subject-04,airplane,knife,40,0140_lp_s04_40_knife_10_n03041632_8468.png
subject-04,truck,truck,3,0141_lp_s04_3_truck_10_n03796401_23774.png
subject-04,boat,dog,10,0142_lp_s04_10_dog_10_n02112018_11708.png
subject-04,knife,knife,1,0143_lp_s04_1_knife_10_n03041632_33326.png
subject-04,bottle,knife,1,0144_lp_s04_1_knife_10_n03041632_2468.png
subject-04,airplane,airplane,3,0145_lp_s04_3_airplane_10_n02690373_5870.png
subject-04,oven,airplane,15,0146_lp_s04_15_airplane_10_n02690373_2521.png
subject-04,cat,cat,5,0147_lp_s04_5_cat_10_n02123394_4164.png
subject-04,dog,dog,0,0148_lp_s04_0_dog_10_n02100583_10960.png
subject-04,bottle,bottle,10,0149_lp_s04_10_bottle_10_n02823428_6766.png
subject-04,airplane,boat,15,0150_lp_s04_15_boat_10_n04612504_13309.png
subject-04,boat,boat,5,0151_lp_s04_5_boat_10_n04273569_2037.png
subject-04,elephant,bird,5,0152_lp_s04_5_bird_10_n02025239_10733.png
subject-04,oven,oven,7,0153_lp_s04_7_oven_10_n04111531_2987.png
subject-04,clock,clock,3,0154_lp_s04_3_clock_10_n02708093_1747.png
subject-04,bicycle,bicycle,7,0155_lp_s04_7_bicycle_10_n02835271_769.png
subject-04,chair,chair,5,0156_lp_s04_5_chair_10_n03376595_9692.png
subject-04,clock,clock,3,0157_lp_s04_3_clock_10_n04548280_5765.png
subject-04,bicycle,bicycle,3,0158_lp_s04_3_bicycle_10_n03792782_9280.png
subject-04,knife,knife,0,0159_lp_s04_0_knife_10_n03041632_8528.png
subject-04,clock,clock,7,0160_lp_s04_7_clock_10_n04548280_219.png
subject-04,knife,knife,5,0161_lp_s04_5_knife_10_n03041632_25022.png
subject-04,oven,oven,1,0162_lp_s04_1_oven_10_n04111531_10640.png
subject-04,dog,cat,10,0163_lp_s04_10_cat_10_n02123159_3226.png
subject-04,elephant,elephant,1,0164_lp_s04_1_elephant_10_n02504458_7634.png
subject-04,oven,bear,15,0165_lp_s04_15_bear_10_n02134084_8601.png
subject-04,cat,cat,5,0166_lp_s04_5_cat_10_n02123597_5887.png
subject-04,elephant,elephant,3,0167_lp_s04_3_elephant_10_n02504013_1777.png
subject-04,bear,bear,0,0168_lp_s04_0_bear_10_n02134418_3952.png
subject-04,boat,bear,40,0169_lp_s04_40_bear_10_n02134084_23165.png
subject-04,cat,keyboard,10,0170_lp_s04_10_keyboard_10_n03085013_4374.png
subject-04,bird,bird,5,0171_lp_s04_5_bird_10_n02011460_19314.png
subject-04,bear,keyboard,3,0172_lp_s04_3_keyboard_10_n04505470_4621.png
subject-04,bird,bottle,7,0173_lp_s04_7_bottle_10_n04560804_15577.png
subject-04,bicycle,bicycle,3,0174_lp_s04_3_bicycle_10_n02835271_2594.png
subject-04,chair,chair,3,0175_lp_s04_3_chair_10_n04099969_5584.png
subject-04,boat,clock,40,0176_lp_s04_40_clock_10_n03196217_3903.png
subject-04,truck,truck,3,0177_lp_s04_3_truck_10_n03417042_6272.png
subject-04,knife,knife,1,0178_lp_s04_1_knife_10_n03041632_40887.png
subject-04,truck,truck,0,0179_lp_s04_0_truck_10_n04467665_71305.png
subject-04,cat,cat,10,0180_lp_s04_10_cat_10_n02123394_3144.png
subject-04,truck,airplane,10,0181_lp_s04_10_airplane_10_n02690373_8813.png
subject-04,airplane,airplane,5,0182_lp_s04_5_airplane_10_n02690373_9086.png
subject-04,oven,oven,10,0183_lp_s04_10_oven_10_n04111531_538.png
subject-04,chair,chair,0,0184_lp_s04_0_chair_10_n04429376_24319.png
subject-04,car,truck,1,0185_lp_s04_1_truck_10_n03417042_5371.png
subject-04,boat,knife,40,0186_lp_s04_40_knife_10_n03041632_28658.png
subject-04,truck,truck,5,0187_lp_s04_5_truck_10_n04467665_69582.png
subject-04,elephant,dog,5,0188_lp_s04_5_dog_10_n02092339_4132.png
subject-04,bicycle,bicycle,3,0189_lp_s04_3_bicycle_10_n03792782_12421.png
subject-04,bird,bird,1,0190_lp_s04_1_bird_10_n01820546_4609.png
subject-04,elephant,elephant,3,0191_lp_s04_3_elephant_10_n02504458_10336.png
subject-04,elephant,elephant,0,0192_lp_s04_0_elephant_10_n02504013_10990.png
subject-04,oven,oven,0,0193_lp_s04_0_oven_10_n04111531_19274.png
subject-04,car,truck,3,0194_lp_s04_3_truck_10_n03796401_24833.png
subject-04,keyboard,oven,15,0195_lp_s04_15_oven_10_n04111531_6508.png
subject-04,boat,keyboard,40,0196_lp_s04_40_keyboard_10_n03085013_21507.png
subject-04,bear,airplane,15,0197_lp_s04_15_airplane_10_n02690373_5845.png
subject-04,cat,cat,0,0198_lp_s04_0_cat_10_n02123597_2370.png
subject-04,truck,airplane,15,0199_lp_s04_15_airplane_10_n02690373_9427.png
subject-04,car,keyboard,5,0200_lp_s04_5_keyboard_10_n03085013_26573.png
subject-04,knife,knife,7,0201_lp_s04_7_knife_10_n03041632_46914.png
subject-04,oven,car,40,0202_lp_s04_40_car_10_n04285008_14573.png
subject-04,car,car,5,0203_lp_s04_5_car_10_n04285008_2880.png
subject-04,bottle,bottle,0,0204_lp_s04_0_bottle_10_n02823428_2422.png
subject-04,bicycle,dog,10,0205_lp_s04_10_dog_10_n02105056_9099.png
subject-04,clock,dog,40,0206_lp_s04_40_dog_10_n02108915_11208.png
subject-04,chair,knife,3,0207_lp_s04_3_knife_10_n03041632_13108.png
subject-04,elephant,bear,7,0208_lp_s04_7_bear_10_n02133161_2281.png
subject-04,elephant,elephant,5,0209_lp_s04_5_elephant_10_n02504013_2974.png
subject-04,car,oven,40,0210_lp_s04_40_oven_10_n04111531_8181.png
subject-04,car,car,0,0211_lp_s04_0_car_10_n03100240_1696.png
subject-04,knife,knife,3,0212_lp_s04_3_knife_10_n03041632_10000.png
subject-04,keyboard,keyboard,7,0213_lp_s04_7_keyboard_10_n04505470_5150.png
subject-04,airplane,chair,40,0214_lp_s04_40_chair_10_n04099969_20684.png
subject-04,bear,bear,5,0215_lp_s04_5_bear_10_n02134084_6606.png
subject-04,dog,dog,10,0216_lp_s04_10_dog_10_n02102040_6068.png
subject-04,elephant,elephant,3,0217_lp_s04_3_elephant_10_n02504458_2994.png
subject-04,cat,bird,5,0218_lp_s04_5_bird_10_n01795545_952.png
subject-04,airplane,airplane,3,0219_lp_s04_3_airplane_10_n02690373_8650.png
subject-04,oven,clock,10,0220_lp_s04_10_clock_10_n03196217_3986.png
subject-04,airplane,boat,40,0221_lp_s04_40_boat_10_n03344393_2148.png
subject-04,airplane,airplane,1,0222_lp_s04_1_airplane_10_n02690373_5773.png
subject-04,clock,clock,5,0223_lp_s04_5_clock_10_n02708093_2307.png
subject-04,cat,bird,10,0224_lp_s04_10_bird_10_n01532829_14545.png
subject-04,clock,bicycle,7,0225_lp_s04_7_bicycle_10_n03792782_6149.png
subject-04,bicycle,bicycle,15,0226_lp_s04_15_bicycle_10_n02835271_6122.png
subject-04,truck,truck,5,0227_lp_s04_5_truck_10_n04467665_44714.png
subject-04,truck,boat,7,0228_lp_s04_7_boat_10_n03662601_12308.png
subject-04,bear,dog,10,0229_lp_s04_10_dog_10_n02100735_1764.png
subject-04,airplane,airplane,7,0230_lp_s04_7_airplane_10_n02690373_2564.png
subject-04,bear,elephant,0,0231_lp_s04_0_elephant_10_n02504458_1933.png
subject-04,cat,truck,7,0232_lp_s04_7_truck_10_n03417042_16856.png
subject-04,elephant,elephant,0,0233_lp_s04_0_elephant_10_n02504013_24486.png
subject-04,bear,dog,15,0234_lp_s04_15_dog_10_n02108422_932.png
subject-04,oven,chair,40,0235_lp_s04_40_chair_10_n03376595_6071.png
subject-04,keyboard,keyboard,3,0236_lp_s04_3_keyboard_10_n04505470_5091.png
subject-04,chair,boat,40,0237_lp_s04_40_boat_10_n03344393_2915.png
subject-04,boat,boat,1,0238_lp_s04_1_boat_10_n02951358_2445.png
subject-04,bottle,bottle,3,0239_lp_s04_3_bottle_10_n03983396_12728.png
subject-04,elephant,oven,40,0240_lp_s04_40_oven_10_n04111531_13625.png
subject-04,bicycle,bottle,10,0241_lp_s04_10_bottle_10_n03937543_9524.png
subject-04,keyboard,keyboard,5,0242_lp_s04_5_keyboard_10_n04505470_4371.png
subject-04,chair,cat,15,0243_lp_s04_15_cat_10_n02123159_7629.png
subject-04,car,car,0,0244_lp_s04_0_car_10_n04285008_3961.png
subject-04,truck,airplane,3,0245_lp_s04_3_airplane_10_n02690373_10462.png
subject-04,dog,dog,7,0246_lp_s04_7_dog_10_n02110806_23139.png
subject-04,chair,keyboard,40,0247_lp_s04_40_keyboard_10_n03085013_23793.png
subject-04,boat,bird,40,0248_lp_s04_40_bird_10_n02056570_9872.png
subject-04,boat,boat,0,0249_lp_s04_0_boat_10_n02951358_512.png
subject-04,boat,boat,3,0250_lp_s04_3_boat_10_n02951358_406.png
subject-04,bear,car,15,0251_lp_s04_15_car_10_n04285008_2781.png
subject-04,cat,cat,10,0252_lp_s04_10_cat_10_n02123394_1690.png
subject-04,dog,dog,15,0253_lp_s04_15_dog_10_n02090721_583.png
subject-04,clock,clock,5,0254_lp_s04_5_clock_10_n04548280_9144.png
subject-04,clock,clock,1,0255_lp_s04_1_clock_10_n04548280_5525.png
subject-04,bird,oven,10,0256_lp_s04_10_oven_10_n04111531_13795.png
subject-04,chair,elephant,40,0257_lp_s04_40_elephant_10_n02504013_7635.png
subject-04,bear,elephant,15,0258_lp_s04_15_elephant_10_n02504458_7472.png
subject-04,knife,knife,5,0259_lp_s04_5_knife_10_n03041632_21723.png
subject-04,truck,truck,10,0260_lp_s04_10_truck_10_n03796401_22618.png
subject-04,airplane,airplane,5,0261_lp_s04_5_airplane_10_n02690373_6543.png
subject-04,boat,elephant,40,0262_lp_s04_40_elephant_10_n02504013_7143.png
subject-04,truck,truck,1,0263_lp_s04_1_truck_10_n03417042_20591.png
subject-04,oven,chair,5,0264_lp_s04_5_chair_10_n04429376_45302.png
subject-04,oven,boat,40,0265_lp_s04_40_boat_10_n03662601_8947.png
subject-04,keyboard,keyboard,1,0266_lp_s04_1_keyboard_10_n03085013_20303.png
subject-04,chair,knife,5,0267_lp_s04_5_knife_10_n03041632_20433.png
subject-04,cat,cat,3,0268_lp_s04_3_cat_10_n02123597_72.png
subject-04,knife,knife,3,0269_lp_s04_3_knife_10_n03041632_12949.png
subject-04,keyboard,keyboard,10,0270_lp_s04_10_keyboard_10_n03085013_2432.png
subject-04,car,car,0,0271_lp_s04_0_car_10_n03100240_8327.png
subject-04,truck,car,5,0272_lp_s04_5_car_10_n04285008_434.png
subject-04,oven,oven,15,0273_lp_s04_15_oven_10_n04111531_8269.png
subject-04,oven,bicycle,40,0274_lp_s04_40_bicycle_10_n02835271_9690.png
subject-04,na,bottle,7,0275_lp_s04_7_bottle_10_n03983396_12042.png
subject-04,knife,knife,7,0276_lp_s04_7_knife_10_n03041632_50423.png
subject-04,elephant,elephant,7,0277_lp_s04_7_elephant_10_n02504013_7674.png
subject-04,chair,chair,15,0278_lp_s04_15_chair_10_n04429376_7123.png
subject-04,chair,truck,10,0279_lp_s04_10_truck_10_n03796401_180.png
subject-04,dog,dog,0,0280_lp_s04_0_dog_10_n02101006_17876.png
subject-04,cat,cat,0,0281_lp_s04_0_cat_10_n02123045_8215.png
subject-04,cat,cat,3,0282_lp_s04_3_cat_10_n02123045_1596.png
subject-04,clock,clock,5,0283_lp_s04_5_clock_10_n02708093_1794.png
subject-04,clock,clock,0,0284_lp_s04_0_clock_10_n04548280_4391.png
subject-04,chair,chair,10,0285_lp_s04_10_chair_10_n04099969_3623.png
subject-04,bear,cat,5,0286_lp_s04_5_cat_10_n02123159_3729.png
subject-04,keyboard,keyboard,0,0287_lp_s04_0_keyboard_10_n03085013_10984.png
subject-04,car,airplane,5,0288_lp_s04_5_airplane_10_n02690373_9423.png
subject-04,chair,bottle,5,0289_lp_s04_5_bottle_10_n04557648_9493.png
subject-04,cat,cat,1,0290_lp_s04_1_cat_10_n02123597_7592.png
subject-04,truck,truck,3,0291_lp_s04_3_truck_10_n03796401_599.png
subject-04,car,car,7,0292_lp_s04_7_car_10_n02814533_28783.png
subject-04,knife,knife,1,0293_lp_s04_1_knife_10_n03041632_6446.png
subject-04,airplane,airplane,7,0294_lp_s04_7_airplane_10_n02690373_9533.png
subject-04,car,oven,5,0295_lp_s04_5_oven_10_n04111531_2930.png
subject-04,clock,clock,1,0296_lp_s04_1_clock_10_n04548280_7951.png
subject-04,airplane,airplane,1,0297_lp_s04_1_airplane_10_n02690373_7944.png
subject-04,boat,knife,40,0298_lp_s04_40_knife_10_n03041632_49363.png
subject-04,na,truck,5,0299_lp_s04_5_truck_10_n04467665_30023.png
subject-04,boat,chair,7,0300_lp_s04_7_chair_10_n03376595_3181.png
subject-04,dog,bear,3,0301_lp_s04_3_bear_10_n02132136_6441.png
subject-04,cat,bottle,10,0302_lp_s04_10_bottle_10_n02823428_5135.png
subject-04,keyboard,keyboard,0,0303_lp_s04_0_keyboard_10_n04505470_4044.png
subject-04,cat,cat,3,0304_lp_s04_3_cat_10_n02123045_20366.png
subject-04,cat,cat,1,0305_lp_s04_1_cat_10_n02125311_22037.png
subject-04,bird,bird,10,0306_lp_s04_10_bird_10_n01843383_277.png
subject-04,truck,truck,3,0307_lp_s04_3_truck_10_n03417042_20133.png
subject-04,bicycle,bicycle,5,0308_lp_s04_5_bicycle_10_n02835271_7450.png
subject-04,bear,bear,3,0309_lp_s04_3_bear_10_n02134418_14961.png
subject-04,boat,boat,1,0310_lp_s04_1_boat_10_n02951358_34917.png
subject-04,chair,chair,3,0311_lp_s04_3_chair_10_n04429376_16952.png
subject-04,car,car,7,0312_lp_s04_7_car_10_n02814533_6593.png
subject-04,bear,bird,15,0313_lp_s04_15_bird_10_n01582220_17430.png
subject-04,chair,knife,5,0314_lp_s04_5_knife_10_n03041632_43506.png
subject-04,bottle,bottle,3,0315_lp_s04_3_bottle_10_n04591713_3683.png
subject-04,na,car,3,0316_lp_s04_3_car_10_n02814533_3202.png
subject-04,elephant,dog,7,0317_lp_s04_7_dog_10_n02092339_2636.png
subject-04,knife,knife,5,0318_lp_s04_5_knife_10_n03041632_4879.png
subject-04,boat,knife,15,0319_lp_s04_15_knife_10_n03041632_27848.png
subject-04,bottle,bottle,0,0320_lp_s04_0_bottle_10_n03983396_16224.png
subject-04,bird,boat,10,0321_lp_s04_10_boat_10_n03662601_12034.png
subject-04,airplane,bottle,40,0322_lp_s04_40_bottle_10_n04591713_2537.png
subject-04,car,car,5,0323_lp_s04_5_car_10_n04285008_7428.png
subject-04,cat,bicycle,40,0324_lp_s04_40_bicycle_10_n02835271_14499.png
subject-04,airplane,airplane,5,0325_lp_s04_5_airplane_10_n02690373_633.png
subject-04,bicycle,bicycle,0,0326_lp_s04_0_bicycle_10_n02835271_11929.png
subject-04,chair,dog,15,0327_lp_s04_15_dog_10_n02098286_2582.png
subject-04,boat,knife,40,0328_lp_s04_40_knife_10_n03041632_32459.png
subject-04,boat,boat,5,0329_lp_s04_5_boat_10_n03344393_9575.png
subject-04,clock,clock,3,0330_lp_s04_3_clock_10_n04548280_289.png
subject-04,clock,cat,40,0331_lp_s04_40_cat_10_n02123394_5111.png
subject-04,elephant,elephant,1,0332_lp_s04_1_elephant_10_n02504013_1244.png
subject-04,bear,bear,3,0333_lp_s04_3_bear_10_n02134084_4818.png
subject-04,bottle,bottle,0,0334_lp_s04_0_bottle_10_n04591713_2680.png
subject-04,bicycle,bicycle,1,0335_lp_s04_1_bicycle_10_n02835271_19019.png
subject-04,clock,chair,40,0336_lp_s04_40_chair_10_n04099969_20107.png
subject-04,bear,bird,7,0337_lp_s04_7_bird_10_n02018795_5770.png
subject-04,bear,clock,10,0338_lp_s04_10_clock_10_n03196217_454.png
subject-04,chair,chair,1,0339_lp_s04_1_chair_10_n03376595_6942.png
subject-04,boat,car,40,0340_lp_s04_40_car_10_n04285008_12868.png
subject-04,dog,dog,5,0341_lp_s04_5_dog_10_n02102040_1660.png
subject-04,bird,car,7,0342_lp_s04_7_car_10_n04285008_8666.png
subject-04,cat,cat,0,0343_lp_s04_0_cat_10_n02123045_7482.png
subject-04,boat,bear,3,0344_lp_s04_3_bear_10_n02134084_20142.png
subject-04,keyboard,airplane,15,0345_lp_s04_15_airplane_10_n02690373_7239.png
subject-04,boat,boat,7,0346_lp_s04_7_boat_10_n04612504_12444.png
subject-04,oven,oven,3,0347_lp_s04_3_oven_10_n04111531_8009.png
subject-04,bicycle,bicycle,3,0348_lp_s04_3_bicycle_10_n02835271_9440.png
subject-04,na,keyboard,40,0349_lp_s04_40_keyboard_10_n04505470_4672.png
subject-04,dog,dog,15,0350_lp_s04_15_dog_10_n02107142_46045.png
subject-04,oven,chair,1,0351_lp_s04_1_chair_10_n02791124_2540.png
subject-04,boat,clock,40,0352_lp_s04_40_clock_10_n04548280_7662.png
subject-04,elephant,bird,15,0353_lp_s04_15_bird_10_n01819313_5131.png
subject-04,clock,chair,40,0354_lp_s04_40_chair_10_n04429376_6817.png
subject-04,bear,bear,5,0355_lp_s04_5_bear_10_n02133161_5616.png
subject-04,oven,oven,5,0356_lp_s04_5_oven_10_n04111531_20953.png
subject-04,bird,elephant,7,0357_lp_s04_7_elephant_10_n02504458_716.png
subject-04,bird,bird,3,0358_lp_s04_3_bird_10_n01560419_1470.png
subject-04,cat,keyboard,40,0359_lp_s04_40_keyboard_10_n03085013_22960.png
subject-04,boat,chair,15,0360_lp_s04_15_chair_10_n03376595_3462.png
subject-04,oven,bird,40,0361_lp_s04_40_bird_10_n01514859_11682.png
subject-04,clock,clock,3,0362_lp_s04_3_clock_10_n04548280_21263.png
subject-04,cat,knife,15,0363_lp_s04_15_knife_10_n03041632_28443.png
subject-04,bear,chair,15,0364_lp_s04_15_chair_10_n04429376_24434.png
subject-04,bear,bear,15,0365_lp_s04_15_bear_10_n02134418_1978.png
subject-04,clock,clock,0,0366_lp_s04_0_clock_10_n03196217_6160.png
subject-04,oven,oven,3,0367_lp_s04_3_oven_10_n04111531_5204.png
subject-04,chair,chair,3,0368_lp_s04_3_chair_10_n04429376_18863.png
subject-04,bottle,oven,7,0369_lp_s04_7_oven_10_n04111531_5218.png
subject-04,clock,clock,3,0370_lp_s04_3_clock_10_n04548280_5422.png
subject-04,truck,truck,1,0371_lp_s04_1_truck_10_n03417042_12235.png
subject-04,bird,chair,40,0372_lp_s04_40_chair_10_n04099969_10401.png
subject-04,cat,cat,40,0373_lp_s04_40_cat_10_n02124075_12325.png
subject-04,oven,oven,0,0374_lp_s04_0_oven_10_n04111531_15052.png
subject-04,bear,bear,10,0375_lp_s04_10_bear_10_n02132136_10468.png
subject-04,bear,bear,5,0376_lp_s04_5_bear_10_n02132136_24311.png
subject-04,truck,truck,3,0377_lp_s04_3_truck_10_n04467665_19645.png
subject-04,keyboard,knife,7,0378_lp_s04_7_knife_10_n03041632_992.png
subject-04,airplane,airplane,10,0379_lp_s04_10_airplane_10_n02690373_10657.png
subject-04,bicycle,bicycle,0,0380_lp_s04_0_bicycle_10_n03792782_33649.png
subject-04,bear,dog,5,0381_lp_s04_5_dog_10_n02106382_1806.png
subject-04,cat,elephant,10,0382_lp_s04_10_elephant_10_n02504458_5379.png
subject-04,bear,bear,1,0383_lp_s04_1_bear_10_n02134418_2231.png
subject-04,boat,bottle,40,0384_lp_s04_40_bottle_10_n04560804_9457.png
subject-04,airplane,airplane,1,0385_lp_s04_1_airplane_10_n02690373_11908.png
subject-04,bottle,elephant,10,0386_lp_s04_10_elephant_10_n02504013_3197.png
subject-04,bear,bear,3,0387_lp_s04_3_bear_10_n02133161_1480.png
subject-04,bear,cat,0,0388_lp_s04_0_cat_10_n02123045_4237.png
subject-04,elephant,cat,10,0389_lp_s04_10_cat_10_n02123159_8396.png
subject-04,bottle,bottle,5,0390_lp_s04_5_bottle_10_n03937543_339.png
subject-04,car,dog,10,0391_lp_s04_10_dog_10_n02088364_2119.png
subject-04,bird,bicycle,10,0392_lp_s04_10_bicycle_10_n03792782_62398.png
subject-04,chair,chair,10,0393_lp_s04_10_chair_10_n04429376_6308.png
subject-04,keyboard,bottle,40,0394_lp_s04_40_bottle_10_n04591713_5204.png
subject-04,elephant,elephant,3,0395_lp_s04_3_elephant_10_n02504013_9021.png
subject-04,chair,keyboard,5,0396_lp_s04_5_keyboard_10_n04505470_9331.png
subject-04,cat,keyboard,3,0397_lp_s04_3_keyboard_10_n03085013_18841.png
subject-04,keyboard,keyboard,0,0398_lp_s04_0_keyboard_10_n03085013_26656.png
subject-04,bottle,bottle,1,0399_lp_s04_1_bottle_10_n04579145_4162.png
subject-04,chair,chair,7,0400_lp_s04_7_chair_10_n04099969_34325.png
subject-04,elephant,elephant,10,0401_lp_s04_10_elephant_10_n02504013_3425.png
subject-04,keyboard,keyboard,5,0402_lp_s04_5_keyboard_10_n04505470_8364.png
subject-04,oven,bottle,15,0403_lp_s04_15_bottle_10_n03937543_2333.png
subject-04,car,car,1,0404_lp_s04_1_car_10_n02814533_48541.png
subject-04,car,car,3,0405_lp_s04_3_car_10_n02814533_44079.png
subject-04,oven,knife,40,0406_lp_s04_40_knife_10_n03041632_23678.png
subject-04,clock,oven,40,0407_lp_s04_40_oven_10_n04111531_283.png
subject-04,chair,chair,5,0408_lp_s04_5_chair_10_n03376595_12326.png
subject-04,oven,keyboard,15,0409_lp_s04_15_keyboard_10_n04505470_313.png
subject-04,cat,bottle,15,0410_lp_s04_15_bottle_10_n02823428_6627.png
subject-04,clock,clock,7,0411_lp_s04_7_clock_10_n04548280_4069.png
subject-04,bicycle,bicycle,0,0412_lp_s04_0_bicycle_10_n02835271_14966.png
subject-04,keyboard,car,15,0413_lp_s04_15_car_10_n04285008_11714.png
subject-04,dog,oven,7,0414_lp_s04_7_oven_10_n04111531_8603.png
subject-04,clock,boat,7,0415_lp_s04_7_boat_10_n03662601_16925.png
subject-04,truck,car,10,0416_lp_s04_10_car_10_n04285008_12182.png
subject-04,truck,truck,5,0417_lp_s04_5_truck_10_n03417042_4665.png
subject-04,airplane,airplane,3,0418_lp_s04_3_airplane_10_n02690373_7487.png
subject-04,bear,bottle,3,0419_lp_s04_3_bottle_10_n03937543_11101.png
subject-04,boat,boat,40,0420_lp_s04_40_boat_10_n03662601_35800.png
subject-04,bicycle,bicycle,1,0421_lp_s04_1_bicycle_10_n02835271_14235.png
subject-04,car,car,5,0422_lp_s04_5_car_10_n03100240_2138.png
subject-04,elephant,chair,40,0423_lp_s04_40_chair_10_n02791124_2972.png
subject-04,boat,boat,15,0424_lp_s04_15_boat_10_n04612504_19111.png
subject-04,bicycle,chair,7,0425_lp_s04_7_chair_10_n02791124_6276.png
subject-04,boat,keyboard,10,0426_lp_s04_10_keyboard_10_n03085013_7285.png
subject-04,chair,knife,5,0427_lp_s04_5_knife_10_n03041632_18311.png
subject-04,airplane,airplane,7,0428_lp_s04_7_airplane_10_n02690373_4839.png
subject-04,bottle,clock,10,0429_lp_s04_10_clock_10_n02708093_6730.png
subject-04,keyboard,car,15,0430_lp_s04_15_car_10_n03100240_2996.png
subject-04,chair,chair,10,0431_lp_s04_10_chair_10_n04429376_16459.png
subject-04,boat,truck,15,0432_lp_s04_15_truck_10_n03796401_10519.png
subject-04,bear,elephant,5,0433_lp_s04_5_elephant_10_n02504458_1636.png
subject-04,boat,boat,7,0434_lp_s04_7_boat_10_n03344393_4234.png
subject-04,bicycle,bicycle,7,0435_lp_s04_7_bicycle_10_n02835271_12608.png
subject-04,bottle,knife,3,0436_lp_s04_3_knife_10_n03041632_19866.png
subject-04,elephant,elephant,15,0437_lp_s04_15_elephant_10_n02504013_22813.png
subject-04,oven,oven,0,0438_lp_s04_0_oven_10_n04111531_1612.png
subject-04,oven,oven,1,0439_lp_s04_1_oven_10_n04111531_22445.png
subject-04,bicycle,bicycle,0,0440_lp_s04_0_bicycle_10_n02835271_24213.png
subject-04,bird,bird,0,0441_lp_s04_0_bird_10_n01833805_5839.png
subject-04,oven,oven,0,0442_lp_s04_0_oven_10_n04111531_10420.png
subject-04,cat,bear,5,0443_lp_s04_5_bear_10_n02133161_1490.png
subject-04,clock,airplane,40,0444_lp_s04_40_airplane_10_n02690373_6002.png
subject-04,oven,truck,40,0445_lp_s04_40_truck_10_n04467665_62626.png
subject-04,bear,bear,7,0446_lp_s04_7_bear_10_n02133161_14810.png
subject-04,clock,clock,3,0447_lp_s04_3_clock_10_n02708093_4912.png
subject-04,car,car,3,0448_lp_s04_3_car_10_n02814533_36174.png
subject-04,keyboard,oven,7,0449_lp_s04_7_oven_10_n04111531_2086.png
subject-04,truck,truck,7,0450_lp_s04_7_truck_10_n03417042_19905.png
subject-04,bear,dog,5,0451_lp_s04_5_dog_10_n02111129_6495.png
subject-04,bottle,bottle,3,0452_lp_s04_3_bottle_10_n02823428_4658.png
subject-04,car,car,10,0453_lp_s04_10_car_10_n02814533_32924.png
subject-04,airplane,boat,40,0454_lp_s04_40_boat_10_n02951358_1461.png
subject-04,bear,bird,1,0455_lp_s04_1_bird_10_n01819313_18188.png
subject-04,oven,oven,1,0456_lp_s04_1_oven_10_n04111531_9427.png
subject-04,keyboard,keyboard,0,0457_lp_s04_0_keyboard_10_n03085013_8865.png
subject-04,keyboard,keyboard,3,0458_lp_s04_3_keyboard_10_n03085013_20515.png
subject-04,bird,bird,0,0459_lp_s04_0_bird_10_n02011460_3892.png
subject-04,bicycle,bicycle,0,0460_lp_s04_0_bicycle_10_n02835271_12674.png
subject-04,bear,bottle,10,0461_lp_s04_10_bottle_10_n03983396_12670.png
subject-04,keyboard,keyboard,3,0462_lp_s04_3_keyboard_10_n03085013_8136.png
subject-04,keyboard,airplane,40,0463_lp_s04_40_airplane_10_n02690373_4671.png
subject-04,bicycle,bicycle,1,0464_lp_s04_1_bicycle_10_n02835271_17184.png
subject-04,oven,bear,40,0465_lp_s04_40_bear_10_n02133161_20090.png
subject-04,clock,clock,7,0466_lp_s04_7_clock_10_n02708093_6890.png
subject-04,clock,clock,7,0467_lp_s04_7_clock_10_n03196217_4309.png
subject-04,boat,boat,3,0468_lp_s04_3_boat_10_n03662601_1427.png
subject-04,bicycle,bicycle,10,0469_lp_s04_10_bicycle_10_n03792782_22620.png
subject-04,boat,boat,1,0470_lp_s04_1_boat_10_n03662601_1319.png
subject-04,boat,boat,0,0471_lp_s04_0_boat_10_n02951358_31986.png
subject-04,oven,bear,40,0472_lp_s04_40_bear_10_n02132136_25168.png
subject-04,truck,cat,7,0473_lp_s04_7_cat_10_n02123159_587.png
subject-04,boat,elephant,40,0474_lp_s04_40_elephant_10_n02504013_572.png
subject-04,oven,truck,15,0475_lp_s04_15_truck_10_n03417042_8121.png
subject-04,boat,knife,15,0476_lp_s04_15_knife_10_n03041632_1964.png
subject-04,bear,bear,1,0477_lp_s04_1_bear_10_n02134418_14.png
subject-04,chair,chair,5,0478_lp_s04_5_chair_10_n03376595_899.png
subject-04,cat,oven,10,0479_lp_s04_10_oven_10_n04111531_4392.png
subject-04,bird,bird,3,0480_lp_s04_3_bird_10_n01601694_20287.png
subject-04,chair,bottle,15,0481_lp_s04_15_bottle_10_n03937543_2759.png
subject-04,car,car,0,0482_lp_s04_0_car_10_n04285008_11931.png
subject-04,cat,cat,7,0483_lp_s04_7_cat_10_n02123159_6954.png
subject-04,truck,truck,7,0484_lp_s04_7_truck_10_n03796401_4119.png
subject-04,bicycle,bicycle,10,0485_lp_s04_10_bicycle_10_n03792782_42795.png
subject-04,keyboard,oven,15,0486_lp_s04_15_oven_10_n04111531_21963.png
subject-04,keyboard,keyboard,3,0487_lp_s04_3_keyboard_10_n04505470_4432.png
subject-04,oven,oven,1,0488_lp_s04_1_oven_10_n04111531_9289.png
subject-04,truck,truck,5,0489_lp_s04_5_truck_10_n03417042_12128.png
subject-04,chair,bear,15,0490_lp_s04_15_bear_10_n02132136_786.png
subject-04,bicycle,clock,7,0491_lp_s04_7_clock_10_n03196217_10578.png
subject-04,bicycle,elephant,5,0492_lp_s04_5_elephant_10_n02504458_5797.png
subject-04,cat,cat,5,0493_lp_s04_5_cat_10_n02123394_1627.png
subject-04,boat,boat,10,0494_lp_s04_10_boat_10_n03344393_4482.png
subject-04,oven,cat,7,0495_lp_s04_7_cat_10_n02123394_4232.png
subject-04,oven,oven,1,0496_lp_s04_1_oven_10_n04111531_10313.png
subject-04,boat,boat,1,0497_lp_s04_1_boat_10_n04612504_26238.png
subject-04,truck,truck,0,0498_lp_s04_0_truck_10_n03796401_2559.png
subject-04,clock,clock,1,0499_lp_s04_1_clock_10_n04548280_9700.png
subject-04,boat,airplane,15,0500_lp_s04_15_airplane_10_n02690373_19329.png
subject-04,car,car,0,0501_lp_s04_0_car_10_n04285008_11290.png
subject-04,cat,cat,3,0502_lp_s04_3_cat_10_n02125311_6283.png
subject-04,boat,airplane,15,0503_lp_s04_15_airplane_10_n02690373_17262.png
subject-04,bird,bird,0,0504_lp_s04_0_bird_10_n02002556_15721.png
subject-04,car,truck,40,0505_lp_s04_40_truck_10_n03796401_9.png
subject-04,boat,boat,7,0506_lp_s04_7_boat_10_n02951358_30909.png
subject-04,truck,chair,10,0507_lp_s04_10_chair_10_n04429376_24716.png
subject-04,boat,boat,0,0508_lp_s04_0_boat_10_n03344393_3349.png
subject-04,bear,bear,10,0509_lp_s04_10_bear_10_n02134084_27899.png
subject-04,chair,clock,1,0510_lp_s04_1_clock_10_n04548280_2809.png
subject-04,truck,clock,15,0511_lp_s04_15_clock_10_n03196217_3140.png
subject-04,na,truck,10,0512_lp_s04_10_truck_10_n03796401_16425.png
subject-04,keyboard,keyboard,7,0513_lp_s04_7_keyboard_10_n03085013_21534.png
subject-04,boat,truck,40,0514_lp_s04_40_truck_10_n04467665_13193.png
subject-04,bear,bear,1,0515_lp_s04_1_bear_10_n02132136_22604.png
subject-04,car,oven,7,0516_lp_s04_7_oven_10_n04111531_13354.png
subject-04,boat,boat,0,0517_lp_s04_0_boat_10_n03344393_8599.png
subject-04,oven,bottle,15,0518_lp_s04_15_bottle_10_n04557648_634.png
subject-04,bear,bear,0,0519_lp_s04_0_bear_10_n02134418_2719.png
subject-04,knife,knife,0,0520_lp_s04_0_knife_10_n03041632_3023.png
subject-04,chair,chair,1,0521_lp_s04_1_chair_10_n03376595_8012.png
subject-04,keyboard,keyboard,7,0522_lp_s04_7_keyboard_10_n04505470_4501.png
subject-04,oven,clock,40,0523_lp_s04_40_clock_10_n04548280_9801.png
subject-04,bear,bear,0,0524_lp_s04_0_bear_10_n02134418_5581.png
subject-04,bird,cat,1,0525_lp_s04_1_cat_10_n02123045_5820.png
subject-04,keyboard,keyboard,0,0526_lp_s04_0_keyboard_10_n03085013_23018.png
subject-04,keyboard,boat,40,0527_lp_s04_40_boat_10_n04612504_7446.png
subject-04,keyboard,keyboard,0,0528_lp_s04_0_keyboard_10_n04505470_1105.png
subject-04,oven,bicycle,5,0529_lp_s04_5_bicycle_10_n03792782_22760.png
subject-04,boat,bird,7,0530_lp_s04_7_bird_10_n01829413_3550.png
subject-04,boat,knife,15,0531_lp_s04_15_knife_10_n03041632_45264.png
subject-04,chair,dog,1,0532_lp_s04_1_dog_10_n02086646_2810.png
subject-04,oven,cat,7,0533_lp_s04_7_cat_10_n02123597_14094.png
subject-04,boat,airplane,10,0534_lp_s04_10_airplane_10_n02690373_1862.png
subject-04,bird,bird,1,0535_lp_s04_1_bird_10_n01843065_3596.png
subject-04,car,cat,15,0536_lp_s04_15_cat_10_n02123159_737.png
subject-04,chair,car,10,0537_lp_s04_10_car_10_n03100240_5136.png
subject-04,keyboard,keyboard,3,0538_lp_s04_3_keyboard_10_n04505470_3615.png
subject-04,elephant,elephant,1,0539_lp_s04_1_elephant_10_n02504458_900.png
subject-04,knife,airplane,5,0540_lp_s04_5_airplane_10_n02690373_5184.png
subject-04,clock,clock,7,0541_lp_s04_7_clock_10_n03196217_3006.png
subject-04,bottle,bottle,3,0542_lp_s04_3_bottle_10_n04591713_5364.png
subject-04,keyboard,keyboard,7,0543_lp_s04_7_keyboard_10_n03085013_6828.png
subject-04,dog,dog,1,0544_lp_s04_1_dog_10_n02111500_2905.png
subject-04,bird,bird,3,0545_lp_s04_3_bird_10_n01797886_2711.png
subject-04,chair,knife,10,0546_lp_s04_10_knife_10_n03041632_17091.png
subject-04,keyboard,keyboard,5,0547_lp_s04_5_keyboard_10_n03085013_15295.png
subject-04,bottle,bottle,0,0548_lp_s04_0_bottle_10_n04591713_6235.png
subject-04,cat,cat,3,0549_lp_s04_3_cat_10_n02123045_5371.png
subject-04,elephant,elephant,0,0550_lp_s04_0_elephant_10_n02504458_7506.png
subject-04,bear,bear,15,0551_lp_s04_15_bear_10_n02134084_19849.png
subject-04,keyboard,keyboard,0,0552_lp_s04_0_keyboard_10_n03085013_12164.png
subject-04,dog,dog,3,0553_lp_s04_3_dog_10_n02111500_7233.png
subject-04,knife,knife,3,0554_lp_s04_3_knife_10_n03041632_47410.png
subject-04,car,car,0,0555_lp_s04_0_car_10_n02814533_27571.png
subject-04,boat,bear,40,0556_lp_s04_40_bear_10_n02133161_444.png
subject-04,airplane,airplane,1,0557_lp_s04_1_airplane_10_n02690373_5266.png
subject-04,oven,oven,3,0558_lp_s04_3_oven_10_n04111531_857.png
subject-04,bottle,bottle,5,0559_lp_s04_5_bottle_10_n04591713_3495.png
subject-04,keyboard,knife,7,0560_lp_s04_7_knife_10_n03041632_4708.png
subject-04,bear,dog,40,0561_lp_s04_40_dog_10_n02105056_12631.png
subject-04,car,car,10,0562_lp_s04_10_car_10_n02814533_13802.png
subject-04,oven,oven,1,0563_lp_s04_1_oven_10_n04111531_15629.png
subject-04,cat,cat,1,0564_lp_s04_1_cat_10_n02124075_8884.png
subject-04,truck,truck,10,0565_lp_s04_10_truck_10_n04467665_69202.png
subject-04,elephant,elephant,1,0566_lp_s04_1_elephant_10_n02504458_5766.png
subject-04,keyboard,chair,15,0567_lp_s04_15_chair_10_n03376595_4464.png
subject-04,car,car,40,0568_lp_s04_40_car_10_n03100240_16525.png
subject-04,chair,chair,3,0569_lp_s04_3_chair_10_n04099969_12546.png
subject-04,truck,bicycle,10,0570_lp_s04_10_bicycle_10_n02835271_19565.png
subject-04,knife,oven,10,0571_lp_s04_10_oven_10_n04111531_11634.png
subject-04,bear,chair,15,0572_lp_s04_15_chair_10_n02791124_3857.png
subject-04,car,keyboard,40,0573_lp_s04_40_keyboard_10_n03085013_25809.png
subject-04,boat,boat,5,0574_lp_s04_5_boat_10_n04273569_22274.png
subject-04,chair,dog,3,0575_lp_s04_3_dog_10_n02092002_12007.png
subject-04,boat,bottle,40,0576_lp_s04_40_bottle_10_n02823428_5227.png
subject-04,bottle,bottle,5,0577_lp_s04_5_bottle_10_n03983396_10469.png
subject-04,bottle,bicycle,40,0578_lp_s04_40_bicycle_10_n02835271_16850.png
subject-04,cat,bird,15,0579_lp_s04_15_bird_10_n02056570_9572.png
subject-04,elephant,elephant,1,0580_lp_s04_1_elephant_10_n02504458_3985.png
subject-04,boat,bird,5,0581_lp_s04_5_bird_10_n01582220_9023.png
subject-04,clock,clock,1,0582_lp_s04_1_clock_10_n03196217_8282.png
subject-04,bicycle,bicycle,5,0583_lp_s04_5_bicycle_10_n02835271_10814.png
subject-04,bicycle,bicycle,0,0584_lp_s04_0_bicycle_10_n03792782_13281.png
subject-04,bear,bear,0,0585_lp_s04_0_bear_10_n02133161_2135.png
subject-04,bottle,keyboard,10,0586_lp_s04_10_keyboard_10_n03085013_7573.png
subject-04,clock,dog,40,0587_lp_s04_40_dog_10_n02088364_11910.png
subject-04,clock,chair,40,0588_lp_s04_40_chair_10_n02791124_1935.png
subject-04,chair,knife,10,0589_lp_s04_10_knife_10_n03041632_3079.png
subject-04,bird,bottle,5,0590_lp_s04_5_bottle_10_n04560804_2176.png
subject-04,bear,bear,10,0591_lp_s04_10_bear_10_n02132136_21799.png
subject-04,bear,bird,7,0592_lp_s04_7_bird_10_n02018207_1606.png
subject-04,chair,chair,7,0593_lp_s04_7_chair_10_n03376595_11572.png
subject-04,bicycle,cat,10,0594_lp_s04_10_cat_10_n02123045_5747.png
subject-04,truck,truck,10,0595_lp_s04_10_truck_10_n03796401_28465.png
subject-04,knife,knife,0,0596_lp_s04_0_knife_10_n03041632_52702.png
subject-04,elephant,elephant,5,0597_lp_s04_5_elephant_10_n02504458_3059.png
subject-04,chair,bottle,0,0598_lp_s04_0_bottle_10_n04591713_5465.png
subject-04,truck,truck,0,0599_lp_s04_0_truck_10_n03417042_22918.png
subject-04,bicycle,bicycle,1,0600_lp_s04_1_bicycle_10_n03792782_22416.png
subject-04,cat,cat,10,0601_lp_s04_10_cat_10_n02123045_1754.png
subject-04,bear,clock,15,0602_lp_s04_15_clock_10_n03196217_82.png
subject-04,chair,elephant,7,0603_lp_s04_7_elephant_10_n02504013_24811.png
subject-04,bicycle,bird,10,0604_lp_s04_10_bird_10_n02002556_5829.png
subject-04,airplane,airplane,7,0605_lp_s04_7_airplane_10_n02690373_10131.png
subject-04,elephant,elephant,0,0606_lp_s04_0_elephant_10_n02504458_10428.png
subject-04,chair,bear,7,0607_lp_s04_7_bear_10_n02134084_34902.png
subject-04,truck,keyboard,40,0608_lp_s04_40_keyboard_10_n04505470_1338.png
subject-04,boat,oven,10,0609_lp_s04_10_oven_10_n04111531_8537.png
subject-04,clock,chair,0,0610_lp_s04_0_chair_10_n04429376_7888.png
subject-04,keyboard,car,10,0611_lp_s04_10_car_10_n03100240_8670.png
subject-04,bicycle,bear,3,0612_lp_s04_3_bear_10_n02132136_15407.png
subject-04,elephant,elephant,10,0613_lp_s04_10_elephant_10_n02504458_5197.png
subject-04,truck,truck,10,0614_lp_s04_10_truck_10_n04467665_7975.png
subject-04,bear,bear,7,0615_lp_s04_7_bear_10_n02134418_826.png
subject-04,car,bicycle,40,0616_lp_s04_40_bicycle_10_n02835271_2580.png
subject-04,elephant,elephant,7,0617_lp_s04_7_elephant_10_n02504458_1848.png
subject-04,airplane,airplane,0,0618_lp_s04_0_airplane_10_n02690373_4269.png
subject-04,keyboard,keyboard,7,0619_lp_s04_7_keyboard_10_n03085013_22942.png
subject-04,car,bicycle,5,0620_lp_s04_5_bicycle_10_n03792782_15.png
subject-04,truck,truck,7,0621_lp_s04_7_truck_10_n03417042_2633.png
subject-04,bottle,car,40,0622_lp_s04_40_car_10_n03100240_13842.png
subject-04,car,car,15,0623_lp_s04_15_car_10_n04285008_9107.png
subject-04,oven,truck,1,0624_lp_s04_1_truck_10_n03796401_2866.png
subject-04,boat,boat,5,0625_lp_s04_5_boat_10_n04612504_15944.png
subject-04,bottle,bottle,1,0626_lp_s04_1_bottle_10_n04591713_360.png
subject-04,dog,dog,0,0627_lp_s04_0_dog_10_n02107312_3673.png
subject-04,chair,bottle,7,0628_lp_s04_7_bottle_10_n03983396_587.png
subject-04,clock,clock,1,0629_lp_s04_1_clock_10_n04548280_821.png
subject-04,boat,bicycle,5,0630_lp_s04_5_bicycle_10_n02835271_13439.png
subject-04,boat,boat,40,0631_lp_s04_40_boat_10_n03344393_2599.png
subject-04,clock,bird,15,0632_lp_s04_15_bird_10_n01843383_2843.png
subject-04,bottle,knife,7,0633_lp_s04_7_knife_10_n03041632_16206.png
subject-04,bird,bird,3,0634_lp_s04_3_bird_10_n01829413_8792.png
subject-04,oven,elephant,40,0635_lp_s04_40_elephant_10_n02504013_4044.png
subject-04,airplane,boat,3,0636_lp_s04_3_boat_10_n03662601_25023.png
subject-04,bottle,bottle,5,0637_lp_s04_5_bottle_10_n02823428_5451.png
subject-04,dog,dog,7,0638_lp_s04_7_dog_10_n02106662_2384.png
subject-04,car,oven,7,0639_lp_s04_7_oven_10_n04111531_21068.png
subject-04,bear,bear,3,0640_lp_s04_3_bear_10_n02134084_17875.png
subject-04,dog,dog,0,0641_lp_s04_0_dog_10_n02097047_2800.png
subject-04,airplane,airplane,10,0642_lp_s04_10_airplane_10_n02690373_7432.png
subject-04,clock,clock,10,0643_lp_s04_10_clock_10_n03196217_2695.png
subject-04,knife,knife,1,0644_lp_s04_1_knife_10_n03041632_24798.png
subject-04,keyboard,bottle,10,0645_lp_s04_10_bottle_10_n02823428_3788.png
subject-04,bottle,bottle,1,0646_lp_s04_1_bottle_10_n04591713_4232.png
subject-04,dog,elephant,7,0647_lp_s04_7_elephant_10_n02504013_8052.png
subject-04,keyboard,keyboard,1,0648_lp_s04_1_keyboard_10_n03085013_23619.png
subject-04,truck,truck,0,0649_lp_s04_0_truck_10_n03796401_29952.png
subject-04,bottle,keyboard,40,0650_lp_s04_40_keyboard_10_n04505470_4492.png
subject-04,dog,dog,0,0651_lp_s04_0_dog_10_n02109961_1223.png
subject-04,bear,bear,10,0652_lp_s04_10_bear_10_n02133161_396.png
subject-04,dog,dog,1,0653_lp_s04_1_dog_10_n02102480_7293.png
subject-04,clock,oven,40,0654_lp_s04_40_oven_10_n04111531_21366.png
subject-04,keyboard,keyboard,5,0655_lp_s04_5_keyboard_10_n04505470_4742.png
subject-04,knife,knife,1,0656_lp_s04_1_knife_10_n03041632_81943.png
subject-04,elephant,elephant,5,0657_lp_s04_5_elephant_10_n02504458_10013.png
subject-04,bear,bear,5,0658_lp_s04_5_bear_10_n02134084_20723.png
subject-04,bicycle,bicycle,3,0659_lp_s04_3_bicycle_10_n02835271_9202.png
subject-04,cat,bird,3,0660_lp_s04_3_bird_10_n01855032_8133.png
subject-04,bottle,bottle,1,0661_lp_s04_1_bottle_10_n04557648_12301.png
subject-04,clock,bird,40,0662_lp_s04_40_bird_10_n01820546_1123.png
subject-04,boat,boat,5,0663_lp_s04_5_boat_10_n02951358_33277.png
subject-04,bicycle,bicycle,5,0664_lp_s04_5_bicycle_10_n03792782_5578.png
subject-04,bottle,bottle,3,0665_lp_s04_3_bottle_10_n04557648_32252.png
subject-04,boat,boat,5,0666_lp_s04_5_boat_10_n04273569_22332.png
subject-04,cat,cat,0,0667_lp_s04_0_cat_10_n02123597_680.png
subject-04,boat,elephant,15,0668_lp_s04_15_elephant_10_n02504013_2052.png
subject-04,bear,cat,10,0669_lp_s04_10_cat_10_n02123394_1957.png
subject-04,bear,dog,10,0670_lp_s04_10_dog_10_n02088094_9379.png
subject-04,bicycle,bicycle,10,0671_lp_s04_10_bicycle_10_n03792782_16290.png
subject-04,car,truck,0,0672_lp_s04_0_truck_10_n04467665_19131.png
subject-04,bird,bird,3,0673_lp_s04_3_bird_10_n01582220_4078.png
subject-04,bottle,bottle,10,0674_lp_s04_10_bottle_10_n04591713_4876.png
subject-04,clock,oven,7,0675_lp_s04_7_oven_10_n04111531_9702.png
subject-04,bottle,bottle,0,0676_lp_s04_0_bottle_10_n02823428_2510.png
subject-04,oven,oven,7,0677_lp_s04_7_oven_10_n04111531_505.png
subject-04,airplane,airplane,5,0678_lp_s04_5_airplane_10_n02690373_6992.png
subject-04,car,car,0,0679_lp_s04_0_car_10_n02814533_4689.png
subject-04,bear,bear,40,0680_lp_s04_40_bear_10_n02132136_7074.png
subject-04,bicycle,bicycle,7,0681_lp_s04_7_bicycle_10_n03792782_9692.png
subject-04,boat,cat,40,0682_lp_s04_40_cat_10_n02123597_6542.png
subject-04,clock,bicycle,40,0683_lp_s04_40_bicycle_10_n03792782_43328.png
subject-04,boat,boat,15,0684_lp_s04_15_boat_10_n02951358_26579.png
subject-04,knife,knife,0,0685_lp_s04_0_knife_10_n03041632_42156.png
subject-04,chair,chair,0,0686_lp_s04_0_chair_10_n02791124_13033.png
subject-04,bicycle,cat,7,0687_lp_s04_7_cat_10_n02125311_53412.png
subject-04,chair,oven,5,0688_lp_s04_5_oven_10_n04111531_1580.png
subject-04,bicycle,oven,3,0689_lp_s04_3_oven_10_n04111531_10216.png
subject-04,keyboard,keyboard,1,0690_lp_s04_1_keyboard_10_n04505470_5112.png
subject-04,boat,elephant,1,0691_lp_s04_1_elephant_10_n02504458_5671.png
subject-04,clock,clock,10,0692_lp_s04_10_clock_10_n02708093_6572.png
subject-04,knife,knife,3,0693_lp_s04_3_knife_10_n03041632_13130.png
subject-04,truck,truck,7,0694_lp_s04_7_truck_10_n03417042_28773.png
subject-04,elephant,elephant,0,0695_lp_s04_0_elephant_10_n02504458_6835.png
subject-04,elephant,elephant,7,0696_lp_s04_7_elephant_10_n02504013_16929.png
subject-04,cat,boat,10,0697_lp_s04_10_boat_10_n04273569_10716.png
subject-04,airplane,airplane,1,0698_lp_s04_1_airplane_10_n02690373_9328.png
subject-04,elephant,bear,10,0699_lp_s04_10_bear_10_n02134418_745.png
subject-04,keyboard,keyboard,7,0700_lp_s04_7_keyboard_10_n03085013_1188.png
subject-04,bottle,bottle,15,0701_lp_s04_15_bottle_10_n02823428_8114.png
subject-04,bear,cat,15,0702_lp_s04_15_cat_10_n02124075_13747.png
subject-04,bear,bottle,10,0703_lp_s04_10_bottle_10_n03937543_1740.png
subject-04,cat,dog,5,0704_lp_s04_5_dog_10_n02113023_8535.png
subject-04,keyboard,airplane,15,0705_lp_s04_15_airplane_10_n02690373_2042.png
subject-04,keyboard,truck,15,0706_lp_s04_15_truck_10_n03796401_25386.png
subject-04,car,truck,7,0707_lp_s04_7_truck_10_n04467665_9521.png
subject-04,bicycle,chair,7,0708_lp_s04_7_chair_10_n04099969_12456.png
subject-04,bottle,bottle,7,0709_lp_s04_7_bottle_10_n03983396_6011.png
subject-04,boat,boat,40,0710_lp_s04_40_boat_10_n03662601_33625.png
subject-04,knife,knife,10,0711_lp_s04_10_knife_10_n03041632_55711.png
subject-04,boat,bear,7,0712_lp_s04_7_bear_10_n02134084_17529.png
subject-04,clock,clock,10,0713_lp_s04_10_clock_10_n02708093_6214.png
subject-04,bottle,clock,40,0714_lp_s04_40_clock_10_n02708093_8276.png
subject-04,airplane,airplane,7,0715_lp_s04_7_airplane_10_n02690373_7370.png
subject-04,bird,dog,15,0716_lp_s04_15_dog_10_n02107312_5733.png
subject-04,car,car,7,0717_lp_s04_7_car_10_n03100240_1216.png
subject-04,boat,keyboard,40,0718_lp_s04_40_keyboard_10_n03085013_19317.png
subject-04,knife,knife,1,0719_lp_s04_1_knife_10_n03041632_2644.png
subject-04,bottle,elephant,40,0720_lp_s04_40_elephant_10_n02504013_19419.png
subject-04,elephant,elephant,7,0721_lp_s04_7_elephant_10_n02504458_4838.png
subject-04,boat,car,15,0722_lp_s04_15_car_10_n03100240_22499.png
subject-04,bottle,chair,10,0723_lp_s04_10_chair_10_n02791124_6281.png
subject-04,cat,knife,15,0724_lp_s04_15_knife_10_n03041632_52848.png
subject-04,boat,cat,10,0725_lp_s04_10_cat_10_n02123597_3828.png
subject-04,bottle,bear,40,0726_lp_s04_40_bear_10_n02132136_5815.png
subject-04,dog,dog,5,0727_lp_s04_5_dog_10_n02093256_6258.png
subject-04,chair,chair,0,0728_lp_s04_0_chair_10_n04099969_16161.png
subject-04,clock,keyboard,5,0729_lp_s04_5_keyboard_10_n04505470_4878.png
subject-04,elephant,car,5,0730_lp_s04_5_car_10_n02814533_9634.png
subject-04,bottle,bottle,0,0731_lp_s04_0_bottle_10_n04557648_376.png
subject-04,bear,bird,0,0732_lp_s04_0_bird_10_n01860187_10562.png
subject-04,elephant,cat,40,0733_lp_s04_40_cat_10_n02124075_6638.png
subject-04,bear,bear,7,0734_lp_s04_7_bear_10_n02134418_4696.png
subject-04,boat,airplane,40,0735_lp_s04_40_airplane_10_n02690373_2525.png
subject-04,bottle,bottle,0,0736_lp_s04_0_bottle_10_n02823428_2918.png
subject-04,boat,truck,40,0737_lp_s04_40_truck_10_n04467665_66876.png
subject-04,boat,boat,1,0738_lp_s04_1_boat_10_n04273569_1201.png
subject-04,knife,knife,10,0739_lp_s04_10_knife_10_n03041632_11969.png
subject-04,keyboard,clock,15,0740_lp_s04_15_clock_10_n02708093_2867.png
subject-04,boat,boat,10,0741_lp_s04_10_boat_10_n03344393_7826.png
subject-04,car,car,7,0742_lp_s04_7_car_10_n04285008_1674.png
subject-04,bicycle,bicycle,3,0743_lp_s04_3_bicycle_10_n03792782_72443.png
subject-04,chair,chair,3,0744_lp_s04_3_chair_10_n04099969_18463.png
subject-04,car,car,1,0745_lp_s04_1_car_10_n04285008_6154.png
subject-04,car,clock,3,0746_lp_s04_3_clock_10_n03196217_3086.png
subject-04,bird,bird,0,0747_lp_s04_0_bird_10_n01514859_12705.png
subject-04,dog,dog,3,0748_lp_s04_3_dog_10_n02112018_6635.png
subject-04,cat,bottle,40,0749_lp_s04_40_bottle_10_n02823428_3486.png
subject-04,bear,bird,7,0750_lp_s04_7_bird_10_n01820546_1222.png
subject-04,airplane,airplane,1,0751_lp_s04_1_airplane_10_n02690373_5010.png
subject-04,boat,airplane,40,0752_lp_s04_40_airplane_10_n02690373_1279.png
subject-04,bottle,dog,40,0753_lp_s04_40_dog_10_n02097047_2426.png
subject-04,chair,chair,5,0754_lp_s04_5_chair_10_n03376595_11280.png
subject-04,cat,cat,3,0755_lp_s04_3_cat_10_n02124075_8693.png
subject-04,car,bird,7,0756_lp_s04_7_bird_10_n02009229_11916.png
subject-04,oven,cat,5,0757_lp_s04_5_cat_10_n02125311_39208.png
subject-04,bear,truck,15,0758_lp_s04_15_truck_10_n04467665_3125.png
subject-04,bear,dog,40,0759_lp_s04_40_dog_10_n02113712_4014.png
subject-04,knife,knife,15,0760_lp_s04_15_knife_10_n03041632_42887.png
subject-04,dog,dog,1,0761_lp_s04_1_dog_10_n02113624_8023.png
subject-04,bird,bird,15,0762_lp_s04_15_bird_10_n01797886_904.png
subject-04,boat,car,40,0763_lp_s04_40_car_10_n04285008_3185.png
subject-04,bottle,bottle,5,0764_lp_s04_5_bottle_10_n02823428_4694.png
subject-04,dog,dog,0,0765_lp_s04_0_dog_10_n02094258_4979.png
subject-04,bicycle,bicycle,7,0766_lp_s04_7_bicycle_10_n03792782_30229.png
subject-04,airplane,airplane,1,0767_lp_s04_1_airplane_10_n02690373_349.png
subject-04,car,car,3,0768_lp_s04_3_car_10_n03100240_2495.png
subject-04,truck,truck,3,0769_lp_s04_3_truck_10_n03796401_3250.png
subject-04,boat,car,40,0770_lp_s04_40_car_10_n04285008_11748.png
subject-04,bottle,bottle,3,0771_lp_s04_3_bottle_10_n04560804_19001.png
subject-04,oven,cat,1,0772_lp_s04_1_cat_10_n02124075_7579.png
subject-04,oven,oven,0,0773_lp_s04_0_oven_10_n04111531_22388.png
subject-04,car,car,1,0774_lp_s04_1_car_10_n04285008_9411.png
subject-04,bicycle,elephant,3,0775_lp_s04_3_elephant_10_n02504013_1502.png
subject-04,clock,keyboard,5,0776_lp_s04_5_keyboard_10_n03085013_2594.png
subject-04,bird,bird,0,0777_lp_s04_0_bird_10_n01592084_2971.png
subject-04,bicycle,bicycle,10,0778_lp_s04_10_bicycle_10_n02835271_13862.png
subject-04,cat,dog,15,0779_lp_s04_15_dog_10_n02101388_20966.png
subject-04,dog,bottle,10,0780_lp_s04_10_bottle_10_n04557648_7601.png
subject-04,bicycle,bird,10,0781_lp_s04_10_bird_10_n02006656_11017.png
subject-04,car,car,0,0782_lp_s04_0_car_10_n03100240_11428.png
subject-04,boat,bicycle,15,0783_lp_s04_15_bicycle_10_n02835271_317.png
subject-04,knife,oven,1,0784_lp_s04_1_oven_10_n04111531_3072.png
subject-04,boat,airplane,40,0785_lp_s04_40_airplane_10_n02690373_3561.png
subject-04,bottle,boat,15,0786_lp_s04_15_boat_10_n02951358_13352.png
subject-04,dog,dog,7,0787_lp_s04_7_dog_10_n02088238_3078.png
subject-04,boat,boat,0,0788_lp_s04_0_boat_10_n03344393_5350.png
subject-04,bird,chair,10,0789_lp_s04_10_chair_10_n04429376_10341.png
subject-04,knife,knife,7,0790_lp_s04_7_knife_10_n03041632_45326.png
subject-04,oven,oven,5,0791_lp_s04_5_oven_10_n04111531_6080.png
subject-04,boat,boat,5,0792_lp_s04_5_boat_10_n02951358_12432.png
subject-04,boat,boat,3,0793_lp_s04_3_boat_10_n03344393_8265.png
subject-04,bird,bird,1,0794_lp_s04_1_bird_10_n02002556_5977.png
subject-04,knife,knife,0,0795_lp_s04_0_knife_10_n03041632_32048.png
subject-04,bottle,elephant,40,0796_lp_s04_40_elephant_10_n02504013_3634.png
subject-04,bicycle,bicycle,3,0797_lp_s04_3_bicycle_10_n02835271_18205.png
subject-04,bird,bottle,15,0798_lp_s04_15_bottle_10_n03937543_5512.png
subject-04,cat,cat,15,0799_lp_s04_15_cat_10_n02124075_11888.png
subject-04,clock,clock,0,0800_lp_s04_0_clock_10_n04548280_9294.png
subject-04,bird,bottle,7,0801_lp_s04_7_bottle_10_n04560804_2002.png
subject-04,car,car,10,0802_lp_s04_10_car_10_n04285008_4811.png
subject-04,keyboard,keyboard,3,0803_lp_s04_3_keyboard_10_n03085013_21030.png
subject-04,clock,clock,0,0804_lp_s04_0_clock_10_n04548280_3036.png
subject-04,cat,oven,5,0805_lp_s04_5_oven_10_n04111531_20493.png
subject-04,clock,oven,40,0806_lp_s04_40_oven_10_n04111531_15947.png
subject-04,oven,oven,0,0807_lp_s04_0_oven_10_n04111531_7189.png
subject-04,boat,bicycle,40,0808_lp_s04_40_bicycle_10_n03792782_11851.png
subject-04,bicycle,bicycle,5,0809_lp_s04_5_bicycle_10_n03792782_6159.png
subject-04,car,car,5,0810_lp_s04_5_car_10_n03100240_16907.png
subject-04,airplane,airplane,15,0811_lp_s04_15_airplane_10_n02690373_848.png
subject-04,bicycle,car,3,0812_lp_s04_3_car_10_n04285008_3410.png
subject-04,boat,bear,15,0813_lp_s04_15_bear_10_n02133161_1372.png
subject-04,boat,boat,10,0814_lp_s04_10_boat_10_n03662601_8554.png
subject-04,car,elephant,10,0815_lp_s04_10_elephant_10_n02504458_3209.png
subject-04,airplane,truck,15,0816_lp_s04_15_truck_10_n04467665_68463.png
subject-04,dog,dog,7,0817_lp_s04_7_dog_10_n02098105_2343.png
subject-04,cat,elephant,10,0818_lp_s04_10_elephant_10_n02504013_7923.png
subject-04,bear,oven,15,0819_lp_s04_15_oven_10_n04111531_92.png
subject-04,car,bicycle,15,0820_lp_s04_15_bicycle_10_n03792782_24734.png
subject-04,dog,dog,0,0821_lp_s04_0_dog_10_n02100735_3595.png
subject-04,elephant,elephant,5,0822_lp_s04_5_elephant_10_n02504458_66.png
subject-04,bear,bear,40,0823_lp_s04_40_bear_10_n02133161_2670.png
subject-04,bear,bear,1,0824_lp_s04_1_bear_10_n02133161_195.png
subject-04,bird,bird,1,0825_lp_s04_1_bird_10_n02002724_18548.png
subject-04,bird,boat,7,0826_lp_s04_7_boat_10_n02951358_34783.png
subject-04,bird,bird,1,0827_lp_s04_1_bird_10_n02051845_1935.png
subject-04,boat,boat,15,0828_lp_s04_15_boat_10_n04612504_2805.png
subject-04,bottle,knife,40,0829_lp_s04_40_knife_10_n03041632_28201.png
subject-04,car,car,1,0830_lp_s04_1_car_10_n03100240_1535.png
subject-04,airplane,airplane,7,0831_lp_s04_7_airplane_10_n02690373_2293.png
subject-04,airplane,airplane,0,0832_lp_s04_0_airplane_10_n02690373_9401.png
subject-04,car,car,7,0833_lp_s04_7_car_10_n04285008_13156.png
subject-04,keyboard,keyboard,1,0834_lp_s04_1_keyboard_10_n03085013_20914.png
subject-04,oven,clock,40,0835_lp_s04_40_clock_10_n03196217_634.png
subject-04,bottle,bottle,0,0836_lp_s04_0_bottle_10_n02823428_14536.png
subject-04,elephant,elephant,1,0837_lp_s04_1_elephant_10_n02504458_4868.png
subject-04,knife,knife,7,0838_lp_s04_7_knife_10_n03041632_49513.png
subject-04,car,truck,10,0839_lp_s04_10_truck_10_n03417042_12308.png
subject-04,chair,chair,3,0840_lp_s04_3_chair_10_n04429376_15078.png
subject-04,truck,bird,40,0841_lp_s04_40_bird_10_n02006656_10568.png
subject-04,boat,airplane,40,0842_lp_s04_40_airplane_10_n02690373_5961.png
subject-04,keyboard,knife,10,0843_lp_s04_10_knife_10_n03041632_93026.png
subject-04,oven,dog,15,0844_lp_s04_15_dog_10_n02107312_1538.png
subject-04,chair,chair,1,0845_lp_s04_1_chair_10_n03376595_9054.png
subject-04,dog,dog,3,0846_lp_s04_3_dog_10_n02108915_3652.png
subject-04,oven,knife,40,0847_lp_s04_40_knife_10_n03041632_29827.png
subject-04,car,car,15,0848_lp_s04_15_car_10_n02814533_58708.png
subject-04,cat,bird,10,0849_lp_s04_10_bird_10_n02028035_17238.png
subject-04,cat,cat,3,0850_lp_s04_3_cat_10_n02123394_1038.png
subject-04,airplane,airplane,0,0851_lp_s04_0_airplane_10_n02690373_1310.png
subject-04,bicycle,bicycle,10,0852_lp_s04_10_bicycle_10_n02835271_22623.png
subject-04,dog,dog,0,0853_lp_s04_0_dog_10_n02086910_9742.png
subject-04,cat,bear,3,0854_lp_s04_3_bear_10_n02134084_21577.png
subject-04,chair,chair,3,0855_lp_s04_3_chair_10_n03376595_5112.png
subject-04,airplane,airplane,3,0856_lp_s04_3_airplane_10_n02690373_15392.png
subject-04,bear,dog,15,0857_lp_s04_15_dog_10_n02093859_3707.png
subject-04,boat,airplane,40,0858_lp_s04_40_airplane_10_n02690373_2656.png
subject-04,keyboard,keyboard,0,0859_lp_s04_0_keyboard_10_n04505470_73.png
subject-04,bicycle,bicycle,7,0860_lp_s04_7_bicycle_10_n02835271_2900.png
subject-04,boat,boat,0,0861_lp_s04_0_boat_10_n03344393_3452.png
subject-04,cat,bottle,40,0862_lp_s04_40_bottle_10_n02823428_79.png
subject-04,chair,chair,0,0863_lp_s04_0_chair_10_n04099969_2038.png
subject-04,keyboard,bottle,5,0864_lp_s04_5_bottle_10_n04557648_29772.png
subject-04,chair,chair,1,0865_lp_s04_1_chair_10_n02791124_15383.png
subject-04,keyboard,bird,15,0866_lp_s04_15_bird_10_n01531178_5130.png
subject-04,keyboard,keyboard,7,0867_lp_s04_7_keyboard_10_n04505470_578.png
subject-04,knife,knife,3,0868_lp_s04_3_knife_10_n03041632_19098.png
subject-04,clock,car,10,0869_lp_s04_10_car_10_n03100240_1605.png
subject-04,dog,dog,1,0870_lp_s04_1_dog_10_n02097298_6466.png
subject-04,bird,truck,40,0871_lp_s04_40_truck_10_n03417042_21758.png
subject-04,car,car,1,0872_lp_s04_1_car_10_n04285008_10893.png
subject-04,clock,clock,0,0873_lp_s04_0_clock_10_n04548280_2169.png
subject-04,clock,oven,10,0874_lp_s04_10_oven_10_n04111531_11279.png
subject-04,bird,bird,1,0875_lp_s04_1_bird_10_n01601694_3230.png
subject-04,bottle,bottle,3,0876_lp_s04_3_bottle_10_n04591713_5019.png
subject-04,elephant,elephant,0,0877_lp_s04_0_elephant_10_n02504458_5482.png
subject-04,truck,bear,7,0878_lp_s04_7_bear_10_n02134418_860.png
subject-04,bicycle,bicycle,0,0879_lp_s04_0_bicycle_10_n03792782_6546.png
subject-04,bird,bicycle,10,0880_lp_s04_10_bicycle_10_n03792782_7108.png
subject-04,clock,clock,0,0881_lp_s04_0_clock_10_n02708093_2762.png
subject-04,bicycle,bicycle,3,0882_lp_s04_3_bicycle_10_n02835271_22355.png
subject-04,boat,elephant,40,0883_lp_s04_40_elephant_10_n02504458_2419.png
subject-04,clock,clock,10,0884_lp_s04_10_clock_10_n02708093_135.png
subject-04,cat,oven,7,0885_lp_s04_7_oven_10_n04111531_13862.png
subject-04,bear,bear,15,0886_lp_s04_15_bear_10_n02134084_4923.png
subject-04,knife,knife,0,0887_lp_s04_0_knife_10_n03041632_1006.png
subject-04,knife,knife,1,0888_lp_s04_1_knife_10_n03041632_45338.png
subject-04,bird,bird,0,0889_lp_s04_0_bird_10_n02018795_5662.png
subject-04,airplane,airplane,0,0890_lp_s04_0_airplane_10_n02690373_1051.png
subject-04,keyboard,keyboard,10,0891_lp_s04_10_keyboard_10_n04505470_9570.png
subject-04,knife,chair,7,0892_lp_s04_7_chair_10_n03376595_4190.png
subject-04,bicycle,truck,10,0893_lp_s04_10_truck_10_n04467665_67861.png
subject-04,bird,bird,3,0894_lp_s04_3_bird_10_n01855672_3491.png
subject-04,bear,dog,10,0895_lp_s04_10_dog_10_n02088364_7448.png
subject-04,boat,bicycle,15,0896_lp_s04_15_bicycle_10_n03792782_54350.png
subject-04,bird,bird,7,0897_lp_s04_7_bird_10_n02009912_11907.png
subject-04,keyboard,keyboard,15,0898_lp_s04_15_keyboard_10_n03085013_21397.png
subject-04,bear,bicycle,15,0899_lp_s04_15_bicycle_10_n02835271_21707.png
subject-04,bird,car,15,0900_lp_s04_15_car_10_n03100240_5383.png
subject-04,elephant,elephant,10,0901_lp_s04_10_elephant_10_n02504458_11265.png
subject-04,truck,truck,3,0902_lp_s04_3_truck_10_n04467665_16069.png
subject-04,keyboard,bottle,5,0903_lp_s04_5_bottle_10_n04560804_12411.png
subject-04,bird,bird,7,0904_lp_s04_7_bird_10_n01622779_1370.png
subject-04,bicycle,bicycle,10,0905_lp_s04_10_bicycle_10_n02835271_8597.png
subject-04,chair,chair,0,0906_lp_s04_0_chair_10_n04099969_8032.png
subject-04,oven,oven,0,0907_lp_s04_0_oven_10_n04111531_21173.png
subject-04,chair,boat,7,0908_lp_s04_7_boat_10_n02951358_4551.png
subject-04,bottle,bottle,1,0909_lp_s04_1_bottle_10_n03937543_4723.png
subject-04,boat,cat,40,0910_lp_s04_40_cat_10_n02123159_5872.png
subject-04,keyboard,cat,40,0911_lp_s04_40_cat_10_n02124075_12815.png
subject-04,chair,elephant,7,0912_lp_s04_7_elephant_10_n02504458_1336.png
subject-04,dog,bear,1,0913_lp_s04_1_bear_10_n02134418_3383.png
subject-04,cat,cat,1,0914_lp_s04_1_cat_10_n02125311_3174.png
subject-04,truck,boat,7,0915_lp_s04_7_boat_10_n03662601_6042.png
subject-04,airplane,airplane,10,0916_lp_s04_10_airplane_10_n02690373_2580.png
subject-04,keyboard,keyboard,3,0917_lp_s04_3_keyboard_10_n04505470_3947.png
subject-04,keyboard,clock,5,0918_lp_s04_5_clock_10_n04548280_3563.png
subject-04,bear,bear,0,0919_lp_s04_0_bear_10_n02133161_5681.png
subject-04,boat,bird,15,0920_lp_s04_15_bird_10_n02028035_33583.png
subject-04,car,chair,5,0921_lp_s04_5_chair_10_n03376595_302.png
subject-04,clock,oven,40,0922_lp_s04_40_oven_10_n04111531_4795.png
subject-04,oven,oven,1,0923_lp_s04_1_oven_10_n04111531_7667.png
subject-04,cat,elephant,15,0924_lp_s04_15_elephant_10_n02504013_5463.png
subject-04,airplane,airplane,10,0925_lp_s04_10_airplane_10_n02690373_5427.png
subject-04,truck,truck,7,0926_lp_s04_7_truck_10_n03796401_7928.png
subject-04,elephant,elephant,1,0927_lp_s04_1_elephant_10_n02504013_3739.png
subject-04,knife,knife,3,0928_lp_s04_3_knife_10_n03041632_9256.png
subject-04,cat,cat,7,0929_lp_s04_7_cat_10_n02123597_14267.png
subject-04,clock,clock,0,0930_lp_s04_0_clock_10_n03196217_6163.png
subject-04,bear,chair,15,0931_lp_s04_15_chair_10_n02791124_634.png
subject-04,chair,chair,1,0932_lp_s04_1_chair_10_n02791124_3883.png
subject-04,bear,bear,1,0933_lp_s04_1_bear_10_n02133161_2100.png
subject-04,chair,oven,15,0934_lp_s04_15_oven_10_n04111531_2350.png
subject-04,chair,chair,1,0935_lp_s04_1_chair_10_n02791124_66.png
subject-04,knife,knife,1,0936_lp_s04_1_knife_10_n03041632_86783.png
subject-04,clock,bird,10,0937_lp_s04_10_bird_10_n02013706_10026.png
subject-04,cat,cat,15,0938_lp_s04_15_cat_10_n02125311_44920.png
subject-04,chair,cat,15,0939_lp_s04_15_cat_10_n02123394_5909.png
subject-04,car,bird,40,0940_lp_s04_40_bird_10_n01824575_822.png
subject-04,boat,chair,40,0941_lp_s04_40_chair_10_n03376595_1740.png
subject-04,boat,cat,40,0942_lp_s04_40_cat_10_n02123159_3724.png
subject-04,keyboard,bottle,40,0943_lp_s04_40_bottle_10_n04557648_2002.png
subject-04,chair,car,15,0944_lp_s04_15_car_10_n02814533_82674.png
subject-04,car,car,0,0945_lp_s04_0_car_10_n02814533_10069.png
subject-04,bear,truck,15,0946_lp_s04_15_truck_10_n03796401_3495.png
subject-04,boat,bicycle,7,0947_lp_s04_7_bicycle_10_n02835271_7426.png
subject-04,chair,chair,5,0948_lp_s04_5_chair_10_n02791124_3222.png
subject-04,clock,clock,0,0949_lp_s04_0_clock_10_n03196217_2414.png
subject-04,chair,dog,40,0950_lp_s04_40_dog_10_n02100583_14082.png
subject-04,cat,cat,0,0951_lp_s04_0_cat_10_n02124075_10310.png
subject-04,bird,bird,0,0952_lp_s04_0_bird_10_n01855672_15005.png
subject-04,knife,knife,7,0953_lp_s04_7_knife_10_n03041632_2058.png
subject-04,truck,truck,0,0954_lp_s04_0_truck_10_n04467665_17101.png
subject-04,keyboard,keyboard,40,0955_lp_s04_40_keyboard_10_n03085013_21955.png
subject-04,dog,dog,5,0956_lp_s04_5_dog_10_n02091635_7361.png
subject-04,cat,cat,1,0957_lp_s04_1_cat_10_n02123394_4299.png
subject-04,bird,bottle,7,0958_lp_s04_7_bottle_10_n02823428_2355.png
subject-04,boat,dog,40,0959_lp_s04_40_dog_10_n02106662_56458.png
subject-04,chair,bear,40,0960_lp_s04_40_bear_10_n02132136_14346.png
subject-04,bird,clock,40,0961_lp_s04_40_clock_10_n02708093_8141.png
subject-04,cat,bear,5,0962_lp_s04_5_bear_10_n02134084_13175.png
subject-04,oven,boat,15,0963_lp_s04_15_boat_10_n04612504_26151.png
subject-04,chair,chair,1,0964_lp_s04_1_chair_10_n04429376_19354.png
subject-04,bear,car,40,0965_lp_s04_40_car_10_n03100240_2042.png
subject-04,chair,cat,7,0966_lp_s04_7_cat_10_n02123045_9184.png
subject-04,oven,bottle,40,0967_lp_s04_40_bottle_10_n03937543_5254.png
subject-04,car,car,5,0968_lp_s04_5_car_10_n03100240_2075.png
subject-04,boat,boat,5,0969_lp_s04_5_boat_10_n03344393_5916.png
subject-04,airplane,airplane,5,0970_lp_s04_5_airplane_10_n02690373_2981.png
subject-04,clock,clock,5,0971_lp_s04_5_clock_10_n04548280_4557.png
subject-04,bird,bird,7,0972_lp_s04_7_bird_10_n02018795_500.png
subject-04,bird,bird,5,0973_lp_s04_5_bird_10_n01530575_10367.png
subject-04,boat,boat,3,0974_lp_s04_3_boat_10_n04273569_11445.png
subject-04,oven,oven,5,0975_lp_s04_5_oven_10_n04111531_4155.png
subject-04,airplane,elephant,40,0976_lp_s04_40_elephant_10_n02504013_3857.png
subject-04,oven,oven,1,0977_lp_s04_1_oven_10_n04111531_14383.png
subject-04,chair,chair,7,0978_lp_s04_7_chair_10_n04099969_3984.png
subject-04,bird,boat,10,0979_lp_s04_10_boat_10_n02951358_9146.png
subject-04,dog,dog,1,0980_lp_s04_1_dog_10_n02097047_2376.png
subject-04,car,car,10,0981_lp_s04_10_car_10_n03100240_6029.png
subject-04,keyboard,keyboard,0,0982_lp_s04_0_keyboard_10_n04505470_4599.png
subject-04,airplane,airplane,5,0983_lp_s04_5_airplane_10_n02690373_7489.png
subject-04,oven,oven,0,0984_lp_s04_0_oven_10_n04111531_2189.png
subject-04,chair,cat,15,0985_lp_s04_15_cat_10_n02123159_6281.png
subject-04,boat,bottle,40,0986_lp_s04_40_bottle_10_n03937543_1391.png
subject-04,elephant,bird,1,0987_lp_s04_1_bird_10_n01860187_348.png
subject-04,boat,elephant,10,0988_lp_s04_10_elephant_10_n02504458_6107.png
subject-04,chair,dog,3,0989_lp_s04_3_dog_10_n02101006_5024.png
subject-04,na,elephant,3,0990_lp_s04_3_elephant_10_n02504458_6348.png
subject-04,bear,bear,3,0991_lp_s04_3_bear_10_n02133161_10141.png
subject-04,chair,chair,10,0992_lp_s04_10_chair_10_n03376595_1798.png
subject-04,oven,oven,15,0993_lp_s04_15_oven_10_n04111531_11530.png
subject-04,bicycle,bicycle,1,0994_lp_s04_1_bicycle_10_n03792782_46807.png
subject-04,truck,truck,0,0995_lp_s04_0_truck_10_n04467665_18621.png
subject-04,elephant,cat,40,0996_lp_s04_40_cat_10_n02124075_9066.png
subject-04,knife,knife,0,0997_lp_s04_0_knife_10_n03041632_11741.png
subject-04,boat,keyboard,10,0998_lp_s04_10_keyboard_10_n04505470_4587.png
subject-04,bird,bird,7,0999_lp_s04_7_bird_10_n01614925_1097.png
subject-04,bear,bird,0,1000_lp_s04_0_bird_10_n02009229_4838.png
subject-04,keyboard,keyboard,40,1001_lp_s04_40_keyboard_10_n03085013_19547.png
subject-04,bottle,knife,7,1002_lp_s04_7_knife_10_n03041632_25772.png
subject-04,elephant,elephant,3,1003_lp_s04_3_elephant_10_n02504013_10330.png
subject-04,dog,dog,1,1004_lp_s04_1_dog_10_n02113023_5237.png
subject-04,boat,boat,10,1005_lp_s04_10_boat_10_n03344393_5343.png
subject-04,chair,chair,1,1006_lp_s04_1_chair_10_n02791124_241.png
subject-04,bicycle,bicycle,0,1007_lp_s04_0_bicycle_10_n03792782_9512.png
subject-04,car,car,5,1008_lp_s04_5_car_10_n02814533_82372.png
subject-04,keyboard,keyboard,0,1009_lp_s04_0_keyboard_10_n03085013_14237.png
subject-04,airplane,airplane,10,1010_lp_s04_10_airplane_10_n02690373_5176.png
subject-04,bottle,bottle,1,1011_lp_s04_1_bottle_10_n04591713_6138.png
subject-04,bear,bear,0,1012_lp_s04_0_bear_10_n02134084_13075.png
subject-04,keyboard,keyboard,7,1013_lp_s04_7_keyboard_10_n03085013_18830.png
subject-04,knife,knife,5,1014_lp_s04_5_knife_10_n03041632_12748.png
subject-04,dog,dog,1,1015_lp_s04_1_dog_10_n02091635_5740.png
subject-04,cat,clock,10,1016_lp_s04_10_clock_10_n02708093_321.png
subject-04,bottle,chair,15,1017_lp_s04_15_chair_10_n04099969_3312.png
subject-04,boat,bear,15,1018_lp_s04_15_bear_10_n02134418_5777.png
subject-04,bear,boat,15,1019_lp_s04_15_boat_10_n03662601_16825.png
subject-04,car,car,40,1020_lp_s04_40_car_10_n02814533_51701.png
subject-04,bottle,bicycle,40,1021_lp_s04_40_bicycle_10_n03792782_3410.png
subject-04,airplane,airplane,10,1022_lp_s04_10_airplane_10_n02690373_18468.png
subject-04,bottle,knife,10,1023_lp_s04_10_knife_10_n03041632_29920.png
subject-04,oven,keyboard,15,1024_lp_s04_15_keyboard_10_n03085013_18797.png
subject-04,keyboard,clock,5,1025_lp_s04_5_clock_10_n03196217_2530.png
subject-04,airplane,airplane,15,1026_lp_s04_15_airplane_10_n02690373_6336.png
subject-04,elephant,elephant,1,1027_lp_s04_1_elephant_10_n02504458_11345.png
subject-04,oven,elephant,15,1028_lp_s04_15_elephant_10_n02504458_7835.png
subject-04,chair,chair,5,1029_lp_s04_5_chair_10_n04429376_1935.png
subject-04,oven,bicycle,5,1030_lp_s04_5_bicycle_10_n02835271_10556.png
subject-04,boat,truck,40,1031_lp_s04_40_truck_10_n03796401_10234.png
subject-04,dog,dog,0,1032_lp_s04_0_dog_10_n02108422_1164.png
subject-04,chair,chair,3,1033_lp_s04_3_chair_10_n02791124_14040.png
subject-04,truck,truck,3,1034_lp_s04_3_truck_10_n03417042_5508.png
subject-04,keyboard,oven,40,1035_lp_s04_40_oven_10_n04111531_5727.png
subject-04,keyboard,keyboard,1,1036_lp_s04_1_keyboard_10_n03085013_23697.png
subject-04,dog,bear,5,1037_lp_s04_5_bear_10_n02132136_9965.png
subject-04,chair,elephant,40,1038_lp_s04_40_elephant_10_n02504458_5169.png
subject-04,keyboard,keyboard,1,1039_lp_s04_1_keyboard_10_n03085013_5950.png
subject-04,dog,cat,5,1040_lp_s04_5_cat_10_n02123597_13835.png
subject-04,bicycle,chair,7,1041_lp_s04_7_chair_10_n03376595_3499.png
subject-04,boat,truck,40,1042_lp_s04_40_truck_10_n03417042_17616.png
subject-04,dog,dog,1,1043_lp_s04_1_dog_10_n02093754_5037.png
subject-04,oven,chair,15,1044_lp_s04_15_chair_10_n02791124_3890.png
subject-04,car,car,0,1045_lp_s04_0_car_10_n03100240_9625.png
subject-04,oven,cat,40,1046_lp_s04_40_cat_10_n02123045_2029.png
subject-04,oven,cat,5,1047_lp_s04_5_cat_10_n02124075_13187.png
subject-04,car,car,1,1048_lp_s04_1_car_10_n02814533_42547.png
subject-04,boat,boat,7,1049_lp_s04_7_boat_10_n03344393_3921.png
subject-04,car,car,5,1050_lp_s04_5_car_10_n03100240_7385.png
subject-04,airplane,clock,15,1051_lp_s04_15_clock_10_n04548280_8892.png
subject-04,elephant,elephant,3,1052_lp_s04_3_elephant_10_n02504013_1813.png
subject-04,chair,chair,5,1053_lp_s04_5_chair_10_n02791124_3731.png
subject-04,dog,dog,3,1054_lp_s04_3_dog_10_n02091134_3075.png
subject-04,keyboard,chair,0,1055_lp_s04_0_chair_10_n03376595_6107.png
subject-04,elephant,bicycle,7,1056_lp_s04_7_bicycle_10_n03792782_11950.png
subject-04,airplane,airplane,1,1057_lp_s04_1_airplane_10_n02690373_3988.png
subject-04,chair,keyboard,5,1058_lp_s04_5_keyboard_10_n03085013_23319.png
subject-04,bear,bicycle,15,1059_lp_s04_15_bicycle_10_n03792782_18294.png
subject-04,boat,bicycle,15,1060_lp_s04_15_bicycle_10_n02835271_3535.png
subject-04,cat,cat,5,1061_lp_s04_5_cat_10_n02123045_11034.png
subject-04,knife,knife,10,1062_lp_s04_10_knife_10_n03041632_6309.png
subject-04,oven,truck,15,1063_lp_s04_15_truck_10_n03417042_10229.png
subject-04,car,car,1,1064_lp_s04_1_car_10_n02814533_83577.png
subject-04,boat,oven,40,1065_lp_s04_40_oven_10_n04111531_4988.png
subject-04,oven,oven,5,1066_lp_s04_5_oven_10_n04111531_12942.png
subject-04,keyboard,keyboard,10,1067_lp_s04_10_keyboard_10_n04505470_3132.png
subject-04,bear,bear,10,1068_lp_s04_10_bear_10_n02134418_1311.png
subject-04,truck,oven,10,1069_lp_s04_10_oven_10_n04111531_24096.png
subject-04,boat,bird,40,1070_lp_s04_40_bird_10_n02033041_4901.png
subject-04,boat,boat,1,1071_lp_s04_1_boat_10_n03344393_5417.png
subject-04,bicycle,bicycle,10,1072_lp_s04_10_bicycle_10_n02835271_20445.png
subject-04,boat,boat,40,1073_lp_s04_40_boat_10_n04273569_5811.png
subject-04,chair,bear,5,1074_lp_s04_5_bear_10_n02134418_3531.png
subject-04,cat,cat,7,1075_lp_s04_7_cat_10_n02124075_9149.png
subject-04,cat,cat,0,1076_lp_s04_0_cat_10_n02125311_21169.png
subject-04,clock,bicycle,40,1077_lp_s04_40_bicycle_10_n03792782_1868.png
subject-04,knife,knife,1,1078_lp_s04_1_knife_10_n03041632_3101.png
subject-04,knife,airplane,40,1079_lp_s04_40_airplane_10_n02690373_4591.png
subject-04,airplane,airplane,0,1080_lp_s04_0_airplane_10_n02690373_181.png
subject-04,bottle,bottle,7,1081_lp_s04_7_bottle_10_n02823428_7630.png
subject-04,boat,clock,40,1082_lp_s04_40_clock_10_n02708093_32.png
subject-04,knife,knife,7,1083_lp_s04_7_knife_10_n03041632_2153.png
subject-04,boat,boat,0,1084_lp_s04_0_boat_10_n02951358_29756.png
subject-04,knife,airplane,40,1085_lp_s04_40_airplane_10_n02690373_19134.png
subject-04,clock,keyboard,15,1086_lp_s04_15_keyboard_10_n03085013_12079.png
subject-04,cat,truck,40,1087_lp_s04_40_truck_10_n04467665_67527.png
subject-04,cat,dog,15,1088_lp_s04_15_dog_10_n02108915_1114.png
subject-04,clock,knife,10,1089_lp_s04_10_knife_10_n03041632_24384.png
subject-04,oven,oven,3,1090_lp_s04_3_oven_10_n04111531_8373.png
subject-04,clock,clock,1,1091_lp_s04_1_clock_10_n02708093_2806.png
subject-04,boat,airplane,7,1092_lp_s04_7_airplane_10_n02690373_2923.png
subject-04,chair,chair,10,1093_lp_s04_10_chair_10_n02791124_6865.png
subject-04,car,car,1,1094_lp_s04_1_car_10_n03100240_595.png
subject-04,bicycle,keyboard,1,1095_lp_s04_1_keyboard_10_n04505470_3852.png
subject-04,na,truck,15,1096_lp_s04_15_truck_10_n03417042_1336.png
subject-04,airplane,airplane,7,1097_lp_s04_7_airplane_10_n02690373_5628.png
subject-04,elephant,elephant,7,1098_lp_s04_7_elephant_10_n02504013_7774.png
subject-04,keyboard,clock,40,1099_lp_s04_40_clock_10_n02708093_7810.png
subject-04,boat,bird,40,1100_lp_s04_40_bird_10_n02006656_8975.png
subject-04,boat,boat,0,1101_lp_s04_0_boat_10_n03662601_1947.png
subject-04,dog,elephant,15,1102_lp_s04_15_elephant_10_n02504458_1000.png
subject-04,keyboard,keyboard,1,1103_lp_s04_1_keyboard_10_n03085013_21097.png
subject-04,bear,bear,1,1104_lp_s04_1_bear_10_n02132136_4271.png
subject-04,bird,bird,10,1105_lp_s04_10_bird_10_n02037110_554.png
subject-04,bear,bear,1,1106_lp_s04_1_bear_10_n02133161_1356.png
subject-04,oven,knife,40,1107_lp_s04_40_knife_10_n03041632_31932.png
subject-04,bicycle,bicycle,7,1108_lp_s04_7_bicycle_10_n03792782_5416.png
subject-04,boat,dog,40,1109_lp_s04_40_dog_10_n02110627_22484.png
subject-04,oven,clock,10,1110_lp_s04_10_clock_10_n03196217_8526.png
subject-04,airplane,airplane,3,1111_lp_s04_3_airplane_10_n02690373_20074.png
subject-04,oven,bottle,1,1112_lp_s04_1_bottle_10_n04557648_6373.png
subject-04,chair,chair,5,1113_lp_s04_5_chair_10_n04429376_5789.png
subject-04,bear,bear,5,1114_lp_s04_5_bear_10_n02132136_1152.png
subject-04,bear,cat,15,1115_lp_s04_15_cat_10_n02123597_11940.png
subject-04,cat,bear,10,1116_lp_s04_10_bear_10_n02133161_9863.png
subject-04,dog,dog,5,1117_lp_s04_5_dog_10_n02108915_5514.png
subject-04,oven,boat,7,1118_lp_s04_7_boat_10_n02951358_2685.png
subject-04,boat,boat,5,1119_lp_s04_5_boat_10_n03662601_2743.png
subject-04,chair,chair,0,1120_lp_s04_0_chair_10_n04429376_8237.png
subject-04,airplane,airplane,10,1121_lp_s04_10_airplane_10_n02690373_8543.png
subject-04,keyboard,bird,40,1122_lp_s04_40_bird_10_n02028035_1677.png
subject-04,boat,bicycle,7,1123_lp_s04_7_bicycle_10_n03792782_1747.png
subject-04,dog,bear,10,1124_lp_s04_10_bear_10_n02134084_24187.png
subject-04,airplane,airplane,3,1125_lp_s04_3_airplane_10_n02690373_7200.png
subject-04,boat,boat,3,1126_lp_s04_3_boat_10_n03662601_17665.png
subject-04,oven,oven,0,1127_lp_s04_0_oven_10_n04111531_136.png
subject-04,bird,bird,1,1128_lp_s04_1_bird_10_n01530575_10332.png
subject-04,cat,boat,10,1129_lp_s04_10_boat_10_n02951358_3155.png
subject-04,clock,clock,1,1130_lp_s04_1_clock_10_n04548280_5320.png
subject-04,truck,truck,0,1131_lp_s04_0_truck_10_n03417042_10099.png
subject-04,boat,airplane,15,1132_lp_s04_15_airplane_10_n02690373_5496.png
subject-04,elephant,elephant,7,1133_lp_s04_7_elephant_10_n02504013_7001.png
subject-04,bird,bird,5,1134_lp_s04_5_bird_10_n02009229_3118.png
subject-04,keyboard,keyboard,7,1135_lp_s04_7_keyboard_10_n04505470_4458.png
subject-04,keyboard,keyboard,15,1136_lp_s04_15_keyboard_10_n04505470_4732.png
subject-04,bicycle,oven,10,1137_lp_s04_10_oven_10_n04111531_3717.png
subject-04,boat,boat,0,1138_lp_s04_0_boat_10_n04273569_12318.png
subject-04,clock,clock,15,1139_lp_s04_15_clock_10_n04548280_254.png
subject-04,dog,bear,0,1140_lp_s04_0_bear_10_n02132136_2846.png
subject-04,cat,car,7,1141_lp_s04_7_car_10_n03100240_1406.png
subject-04,chair,chair,7,1142_lp_s04_7_chair_10_n02791124_57.png
subject-04,truck,truck,1,1143_lp_s04_1_truck_10_n04467665_69447.png
subject-04,truck,truck,1,1144_lp_s04_1_truck_10_n03417042_5768.png
subject-04,clock,clock,7,1145_lp_s04_7_clock_10_n02708093_3751.png
subject-04,knife,knife,5,1146_lp_s04_5_knife_10_n03041632_1661.png
subject-04,boat,boat,1,1147_lp_s04_1_boat_10_n03344393_4001.png
subject-04,clock,bicycle,40,1148_lp_s04_40_bicycle_10_n03792782_17666.png
subject-04,cat,cat,0,1149_lp_s04_0_cat_10_n02123597_10952.png
subject-04,cat,bear,15,1150_lp_s04_15_bear_10_n02134418_3799.png
subject-04,clock,clock,3,1151_lp_s04_3_clock_10_n02708093_6252.png
subject-04,car,knife,15,1152_lp_s04_15_knife_10_n03041632_40530.png
subject-04,airplane,airplane,0,1153_lp_s04_0_airplane_10_n02690373_7099.png
subject-04,boat,chair,40,1154_lp_s04_40_chair_10_n04099969_7577.png
subject-04,oven,oven,10,1155_lp_s04_10_oven_10_n04111531_12830.png
subject-04,boat,boat,10,1156_lp_s04_10_boat_10_n04273569_19699.png
subject-04,chair,chair,15,1157_lp_s04_15_chair_10_n02791124_3160.png
subject-04,clock,clock,3,1158_lp_s04_3_clock_10_n04548280_4225.png
subject-04,clock,clock,7,1159_lp_s04_7_clock_10_n04548280_532.png
subject-04,chair,chair,3,1160_lp_s04_3_chair_10_n04429376_57621.png
subject-04,dog,dog,7,1161_lp_s04_7_dog_10_n02097047_911.png
subject-04,clock,clock,0,1162_lp_s04_0_clock_10_n02708093_22.png
subject-04,dog,dog,7,1163_lp_s04_7_dog_10_n02090721_7040.png
subject-04,knife,keyboard,15,1164_lp_s04_15_keyboard_10_n03085013_23731.png
subject-04,dog,bear,1,1165_lp_s04_1_bear_10_n02132136_1584.png
subject-04,bird,bird,5,1166_lp_s04_5_bird_10_n01819313_5504.png
subject-04,dog,dog,10,1167_lp_s04_10_dog_10_n02101006_15350.png
subject-04,oven,elephant,15,1168_lp_s04_15_elephant_10_n02504013_9393.png
subject-04,bicycle,knife,3,1169_lp_s04_3_knife_10_n03041632_80829.png
subject-04,oven,dog,40,1170_lp_s04_40_dog_10_n02088364_3791.png
subject-04,boat,boat,3,1171_lp_s04_3_boat_10_n03344393_5091.png
subject-04,bicycle,bicycle,1,1172_lp_s04_1_bicycle_10_n03792782_104.png
subject-04,keyboard,truck,40,1173_lp_s04_40_truck_10_n03417042_20650.png
subject-04,chair,bird,15,1174_lp_s04_15_bird_10_n01819313_6340.png
subject-04,boat,boat,3,1175_lp_s04_3_boat_10_n04273569_1137.png
subject-04,oven,oven,5,1176_lp_s04_5_oven_10_n04111531_585.png
subject-04,cat,cat,3,1177_lp_s04_3_cat_10_n02123394_4789.png
subject-04,car,car,7,1178_lp_s04_7_car_10_n02814533_3594.png
subject-04,keyboard,keyboard,5,1179_lp_s04_5_keyboard_10_n03085013_18785.png
subject-04,oven,oven,3,1180_lp_s04_3_oven_10_n04111531_1002.png
subject-04,knife,bottle,10,1181_lp_s04_10_bottle_10_n02823428_4983.png
subject-04,knife,knife,3,1182_lp_s04_3_knife_10_n03041632_7495.png
subject-04,car,car,7,1183_lp_s04_7_car_10_n02814533_44503.png
subject-04,keyboard,keyboard,1,1184_lp_s04_1_keyboard_10_n04505470_532.png
subject-04,clock,clock,7,1185_lp_s04_7_clock_10_n02708093_7020.png
subject-04,bird,bird,7,1186_lp_s04_7_bird_10_n01601694_10927.png
subject-04,dog,bicycle,15,1187_lp_s04_15_bicycle_10_n02835271_8203.png
subject-04,airplane,airplane,1,1188_lp_s04_1_airplane_10_n02690373_4079.png
subject-04,clock,chair,10,1189_lp_s04_10_chair_10_n04429376_2450.png
subject-04,cat,cat,1,1190_lp_s04_1_cat_10_n02123045_12206.png
subject-04,boat,boat,5,1191_lp_s04_5_boat_10_n03344393_3881.png
subject-04,cat,cat,5,1192_lp_s04_5_cat_10_n02123045_1126.png
subject-04,bottle,bottle,7,1193_lp_s04_7_bottle_10_n04591713_6971.png
subject-04,clock,clock,0,1194_lp_s04_0_clock_10_n03196217_484.png
subject-04,cat,knife,10,1195_lp_s04_10_knife_10_n03041632_95293.png
subject-04,clock,bottle,15,1196_lp_s04_15_bottle_10_n03937543_5375.png
subject-04,airplane,airplane,3,1197_lp_s04_3_airplane_10_n02690373_939.png
subject-04,bear,bear,0,1198_lp_s04_0_bear_10_n02132136_7586.png
subject-04,car,car,5,1199_lp_s04_5_car_10_n03100240_3083.png
subject-04,keyboard,keyboard,1,1200_lp_s04_1_keyboard_10_n03085013_9066.png
subject-04,clock,clock,15,1201_lp_s04_15_clock_10_n04548280_22641.png
subject-04,chair,chair,1,1202_lp_s04_1_chair_10_n04429376_5238.png
subject-04,boat,knife,40,1203_lp_s04_40_knife_10_n03041632_10136.png
subject-04,bottle,bottle,5,1204_lp_s04_5_bottle_10_n03983396_8164.png
subject-04,bottle,bottle,1,1205_lp_s04_1_bottle_10_n02823428_8280.png
subject-04,chair,elephant,15,1206_lp_s04_15_elephant_10_n02504013_5887.png
subject-04,keyboard,oven,15,1207_lp_s04_15_oven_10_n04111531_5519.png
subject-04,bicycle,elephant,15,1208_lp_s04_15_elephant_10_n02504458_7477.png
subject-04,boat,bicycle,40,1209_lp_s04_40_bicycle_10_n03792782_29276.png
subject-04,boat,truck,5,1210_lp_s04_5_truck_10_n04467665_79452.png
subject-04,boat,car,10,1211_lp_s04_10_car_10_n03100240_15531.png
subject-04,chair,bottle,15,1212_lp_s04_15_bottle_10_n04591713_2952.png
subject-04,boat,oven,5,1213_lp_s04_5_oven_10_n04111531_9548.png
subject-04,bicycle,bicycle,1,1214_lp_s04_1_bicycle_10_n02835271_942.png
subject-04,oven,knife,0,1215_lp_s04_0_knife_10_n03041632_101673.png
subject-04,bear,bicycle,3,1216_lp_s04_3_bicycle_10_n03792782_210.png
subject-04,clock,clock,15,1217_lp_s04_15_clock_10_n02708093_274.png
subject-04,cat,bear,15,1218_lp_s04_15_bear_10_n02133161_156.png
subject-04,knife,bottle,10,1219_lp_s04_10_bottle_10_n04591713_10065.png
subject-04,bicycle,bicycle,5,1220_lp_s04_5_bicycle_10_n03792782_7180.png
subject-04,boat,oven,40,1221_lp_s04_40_oven_10_n04111531_17781.png
subject-04,knife,keyboard,10,1222_lp_s04_10_keyboard_10_n03085013_9533.png
subject-04,cat,knife,15,1223_lp_s04_15_knife_10_n03041632_1884.png
subject-04,boat,boat,0,1224_lp_s04_0_boat_10_n02951358_15479.png
subject-04,car,car,3,1225_lp_s04_3_car_10_n03100240_13707.png
subject-04,clock,oven,40,1226_lp_s04_40_oven_10_n04111531_20823.png
subject-04,cat,cat,7,1227_lp_s04_7_cat_10_n02123597_3842.png
subject-04,boat,boat,15,1228_lp_s04_15_boat_10_n04273569_103.png
subject-04,oven,oven,3,1229_lp_s04_3_oven_10_n04111531_7329.png
subject-04,bear,dog,7,1230_lp_s04_7_dog_10_n02111277_50807.png
subject-04,bird,bird,3,1231_lp_s04_3_bird_10_n01820546_5444.png
subject-04,bicycle,bicycle,1,1232_lp_s04_1_bicycle_10_n02835271_12473.png
subject-04,car,truck,5,1233_lp_s04_5_truck_10_n04467665_31059.png
subject-04,knife,knife,5,1234_lp_s04_5_knife_10_n03041632_5162.png
subject-04,bear,bird,10,1235_lp_s04_10_bird_10_n01860187_27046.png
subject-04,chair,chair,7,1236_lp_s04_7_chair_10_n04429376_14967.png
subject-04,truck,truck,0,1237_lp_s04_0_truck_10_n03417042_24100.png
subject-04,boat,car,40,1238_lp_s04_40_car_10_n02814533_7984.png
subject-04,boat,boat,1,1239_lp_s04_1_boat_10_n03344393_5030.png
subject-04,bear,bear,1,1240_lp_s04_1_bear_10_n02133161_11333.png
subject-04,car,car,1,1241_lp_s04_1_car_10_n04285008_39.png
subject-04,chair,chair,3,1242_lp_s04_3_chair_10_n03376595_12583.png
subject-04,truck,truck,0,1243_lp_s04_0_truck_10_n03417042_4557.png
subject-04,bicycle,bicycle,3,1244_lp_s04_3_bicycle_10_n02835271_3246.png
subject-04,truck,truck,5,1245_lp_s04_5_truck_10_n03796401_4878.png
subject-04,truck,truck,10,1246_lp_s04_10_truck_10_n04467665_12177.png
subject-04,truck,truck,3,1247_lp_s04_3_truck_10_n03417042_7469.png
subject-04,bicycle,bicycle,1,1248_lp_s04_1_bicycle_10_n02835271_20920.png
subject-04,car,truck,15,1249_lp_s04_15_truck_10_n03417042_3592.png
subject-04,bear,bear,0,1250_lp_s04_0_bear_10_n02134084_7373.png
subject-04,boat,bottle,15,1251_lp_s04_15_bottle_10_n04557648_12559.png
subject-04,oven,oven,0,1252_lp_s04_0_oven_10_n04111531_6313.png
subject-04,elephant,truck,40,1253_lp_s04_40_truck_10_n03417042_10038.png
subject-04,bear,bear,40,1254_lp_s04_40_bear_10_n02133161_2120.png
subject-04,bear,elephant,15,1255_lp_s04_15_elephant_10_n02504458_6050.png
subject-04,clock,bird,40,1256_lp_s04_40_bird_10_n01614925_13283.png
subject-04,car,truck,7,1257_lp_s04_7_truck_10_n03796401_7527.png
subject-04,car,car,10,1258_lp_s04_10_car_10_n03100240_4421.png
subject-04,bicycle,bicycle,0,1259_lp_s04_0_bicycle_10_n03792782_3136.png
subject-04,boat,dog,7,1260_lp_s04_7_dog_10_n02099849_3128.png
subject-04,chair,bear,5,1261_lp_s04_5_bear_10_n02132136_9815.png
subject-04,cat,cat,7,1262_lp_s04_7_cat_10_n02123045_20512.png
subject-04,dog,bird,15,1263_lp_s04_15_bird_10_n02002724_383.png
subject-04,cat,cat,0,1264_lp_s04_0_cat_10_n02124075_17347.png
subject-04,cat,cat,10,1265_lp_s04_10_cat_10_n02125311_44401.png
subject-04,chair,bicycle,5,1266_lp_s04_5_bicycle_10_n02835271_24207.png
subject-04,keyboard,car,3,1267_lp_s04_3_car_10_n03100240_16466.png
subject-04,bird,dog,5,1268_lp_s04_5_dog_10_n02110185_7886.png
subject-04,cat,cat,3,1269_lp_s04_3_cat_10_n02125311_37322.png
subject-04,oven,truck,7,1270_lp_s04_7_truck_10_n03417042_17545.png
subject-04,keyboard,clock,5,1271_lp_s04_5_clock_10_n03196217_743.png
subject-04,oven,cat,3,1272_lp_s04_3_cat_10_n02124075_7692.png
subject-04,airplane,airplane,5,1273_lp_s04_5_airplane_10_n02690373_6887.png
subject-04,dog,dog,3,1274_lp_s04_3_dog_10_n02104365_3580.png
subject-04,bear,bear,7,1275_lp_s04_7_bear_10_n02132136_4888.png
subject-04,cat,cat,10,1276_lp_s04_10_cat_10_n02123597_19450.png
subject-04,elephant,elephant,0,1277_lp_s04_0_elephant_10_n02504458_908.png
subject-04,oven,oven,3,1278_lp_s04_3_oven_10_n04111531_12725.png
subject-04,truck,truck,5,1279_lp_s04_5_truck_10_n03796401_2656.png
subject-04,boat,chair,40,1280_lp_s04_40_chair_10_n04099969_8018.png
