subj,object_response,category,condition,imagename
inception_v3,truck,truck,5,0003_lp_dnn_5_truck_10_n04467665_34253.png
inception_v3,clock,clock,1,0004_lp_dnn_1_clock_10_n04548280_5320.png
inception_v3,dog,dog,3,0005_lp_dnn_3_dog_10_n02108915_3652.png
inception_v3,keyboard,keyboard,7,0006_lp_dnn_7_keyboard_10_n04505470_578.png
inception_v3,cat,cat,7,0007_lp_dnn_7_cat_10_n02123597_3842.png
inception_v3,bear,bear,1,0008_lp_dnn_1_bear_10_n02134418_14.png
inception_v3,bottle,knife,10,0009_lp_dnn_10_knife_10_n03041632_29920.png
inception_v3,dog,bird,5,0010_lp_dnn_5_bird_10_n01795545_952.png
inception_v3,bear,bear,3,0011_lp_dnn_3_bear_10_n02132136_6441.png
inception_v3,bird,bird,3,0012_lp_dnn_3_bird_10_n01829413_8792.png
inception_v3,keyboard,keyboard,7,0013_lp_dnn_7_keyboard_10_n04505470_4458.png
inception_v3,bottle,chair,10,0014_lp_dnn_10_chair_10_n03376595_9176.png
inception_v3,oven,oven,5,0017_lp_dnn_5_oven_10_n04111531_1580.png
inception_v3,elephant,elephant,1,0018_lp_dnn_1_elephant_10_n02504458_900.png
inception_v3,dog,dog,7,0019_lp_dnn_7_dog_10_n02106662_2384.png
inception_v3,truck,truck,10,0020_lp_dnn_10_truck_10_n03796401_22618.png
inception_v3,knife,elephant,15,0021_lp_dnn_15_elephant_10_n02504013_5463.png
inception_v3,boat,chair,10,0022_lp_dnn_10_chair_10_n04429376_16459.png
inception_v3,cat,cat,1,0023_lp_dnn_1_cat_10_n02123045_12206.png
inception_v3,oven,truck,7,0024_lp_dnn_7_truck_10_n03417042_2633.png
inception_v3,knife,keyboard,15,0025_lp_dnn_15_keyboard_10_n03085013_24416.png
inception_v3,truck,car,7,0026_lp_dnn_7_car_10_n02814533_44503.png
inception_v3,elephant,elephant,5,0027_lp_dnn_5_elephant_10_n02504458_5797.png
inception_v3,chair,chair,0,0028_lp_dnn_0_chair_10_n04429376_8237.png
inception_v3,airplane,cat,7,0029_lp_dnn_7_cat_10_n02123159_587.png
inception_v3,bottle,bird,10,0030_lp_dnn_10_bird_10_n02028035_17238.png
inception_v3,boat,boat,5,0032_lp_dnn_5_boat_10_n04273569_22332.png
inception_v3,elephant,elephant,1,0033_lp_dnn_1_elephant_10_n02504013_1244.png
inception_v3,clock,bicycle,7,0034_lp_dnn_7_bicycle_10_n03792782_30229.png
inception_v3,oven,keyboard,10,0035_lp_dnn_10_keyboard_10_n03085013_7573.png
inception_v3,keyboard,keyboard,3,0036_lp_dnn_3_keyboard_10_n03085013_24578.png
inception_v3,bottle,truck,15,0037_lp_dnn_15_truck_10_n03417042_1336.png
inception_v3,knife,knife,3,0038_lp_dnn_3_knife_10_n03041632_7495.png
inception_v3,car,car,0,0039_lp_dnn_0_car_10_n03100240_9625.png
inception_v3,knife,elephant,10,0040_lp_dnn_10_elephant_10_n02504458_6107.png
inception_v3,bicycle,bicycle,0,0041_lp_dnn_0_bicycle_10_n03792782_33649.png
inception_v3,clock,clock,1,0042_lp_dnn_1_clock_10_n03196217_8282.png
inception_v3,keyboard,keyboard,7,0043_lp_dnn_7_keyboard_10_n03085013_21534.png
inception_v3,oven,elephant,15,0044_lp_dnn_15_elephant_10_n02504013_22813.png
inception_v3,bottle,truck,10,0045_lp_dnn_10_truck_10_n03796401_16425.png
inception_v3,dog,airplane,15,0046_lp_dnn_15_airplane_10_n02690373_9427.png
inception_v3,clock,bird,7,0047_lp_dnn_7_bird_10_n02009912_11907.png
inception_v3,airplane,airplane,1,0048_lp_dnn_1_airplane_10_n02690373_5773.png
inception_v3,bird,bird,1,0050_lp_dnn_1_bird_10_n01819313_18188.png
inception_v3,car,car,5,0051_lp_dnn_5_car_10_n04285008_7428.png
inception_v3,oven,bottle,7,0052_lp_dnn_7_bottle_10_n04591713_6923.png
inception_v3,knife,knife,0,0053_lp_dnn_0_knife_10_n03041632_22570.png
inception_v3,bear,bear,0,0054_lp_dnn_0_bear_10_n02132136_7586.png
inception_v3,truck,clock,5,0055_lp_dnn_5_clock_10_n04548280_9144.png
inception_v3,bottle,bottle,0,0056_lp_dnn_0_bottle_10_n04591713_2680.png
inception_v3,knife,cat,3,0057_lp_dnn_3_cat_10_n02123045_1596.png
inception_v3,bottle,cat,10,0058_lp_dnn_10_cat_10_n02123597_19450.png
inception_v3,keyboard,chair,15,0059_lp_dnn_15_chair_10_n03376595_3462.png
inception_v3,bottle,bottle,3,0060_lp_dnn_3_bottle_10_n04591713_3683.png
inception_v3,clock,clock,7,0061_lp_dnn_7_clock_10_n03196217_4309.png
inception_v3,bottle,bear,15,0062_lp_dnn_15_bear_10_n02134084_4923.png
inception_v3,chair,chair,1,0063_lp_dnn_1_chair_10_n04429376_5238.png
inception_v3,clock,clock,0,0064_lp_dnn_0_clock_10_n03196217_2414.png
inception_v3,bird,bird,3,0065_lp_dnn_3_bird_10_n01797886_2711.png
inception_v3,knife,truck,15,0066_lp_dnn_15_truck_10_n04467665_68463.png
inception_v3,truck,truck,0,0067_lp_dnn_0_truck_10_n03417042_10099.png
inception_v3,dog,bear,10,0068_lp_dnn_10_bear_10_n02134418_3793.png
inception_v3,cat,bottle,10,0069_lp_dnn_10_bottle_10_n03937543_9524.png
inception_v3,dog,cat,3,0070_lp_dnn_3_cat_10_n02123394_1038.png
inception_v3,dog,dog,5,0071_lp_dnn_5_dog_10_n02110185_7886.png
inception_v3,clock,clock,3,0072_lp_dnn_3_clock_10_n02708093_4912.png
inception_v3,clock,dog,15,0073_lp_dnn_15_dog_10_n02108422_932.png
inception_v3,truck,truck,0,0074_lp_dnn_0_truck_10_n04467665_18621.png
inception_v3,truck,truck,1,0075_lp_dnn_1_truck_10_n04467665_50932.png
inception_v3,dog,dog,1,0076_lp_dnn_1_dog_10_n02102480_7293.png
inception_v3,bottle,bottle,1,0077_lp_dnn_1_bottle_10_n04591713_4764.png
inception_v3,bottle,clock,15,0078_lp_dnn_15_clock_10_n02708093_274.png
inception_v3,bottle,bottle,5,0079_lp_dnn_5_bottle_10_n04557648_29772.png
inception_v3,bottle,car,15,0080_lp_dnn_15_car_10_n03100240_22499.png
inception_v3,clock,clock,3,0081_lp_dnn_3_clock_10_n02708093_6252.png
inception_v3,bottle,airplane,10,0082_lp_dnn_10_airplane_10_n02690373_5427.png
inception_v3,dog,dog,15,0083_lp_dnn_15_dog_10_n02107142_46045.png
inception_v3,bicycle,bicycle,3,0085_lp_dnn_3_bicycle_10_n03792782_12421.png
inception_v3,airplane,airplane,0,0086_lp_dnn_0_airplane_10_n02690373_1310.png
inception_v3,bottle,oven,15,0087_lp_dnn_15_oven_10_n04111531_8793.png
inception_v3,chair,airplane,5,0088_lp_dnn_5_airplane_10_n02690373_633.png
inception_v3,clock,clock,5,0089_lp_dnn_5_clock_10_n02708093_2307.png
inception_v3,keyboard,oven,10,0090_lp_dnn_10_oven_10_n04111531_13795.png
inception_v3,keyboard,boat,3,0091_lp_dnn_3_boat_10_n03662601_1427.png
inception_v3,truck,boat,5,0092_lp_dnn_5_boat_10_n04612504_15944.png
inception_v3,elephant,elephant,7,0094_lp_dnn_7_elephant_10_n02504458_1848.png
inception_v3,oven,oven,5,0095_lp_dnn_5_oven_10_n04111531_4155.png
inception_v3,car,car,0,0096_lp_dnn_0_car_10_n03100240_8327.png
inception_v3,chair,chair,0,0097_lp_dnn_0_chair_10_n04429376_24319.png
inception_v3,keyboard,chair,3,0098_lp_dnn_3_chair_10_n03376595_5112.png
inception_v3,bird,cat,1,0099_lp_dnn_1_cat_10_n02124075_2268.png
inception_v3,boat,boat,3,0100_lp_dnn_3_boat_10_n04273569_1137.png
inception_v3,chair,chair,1,0101_lp_dnn_1_chair_10_n02791124_15383.png
inception_v3,cat,clock,15,0102_lp_dnn_15_clock_10_n04548280_8998.png
inception_v3,dog,dog,0,0103_lp_dnn_0_dog_10_n02097047_2800.png
inception_v3,bottle,bicycle,15,0104_lp_dnn_15_bicycle_10_n03792782_18294.png
inception_v3,elephant,elephant,0,0105_lp_dnn_0_elephant_10_n02504013_24486.png
inception_v3,oven,airplane,7,0106_lp_dnn_7_airplane_10_n02690373_2923.png
inception_v3,airplane,airplane,3,0107_lp_dnn_3_airplane_10_n02690373_15392.png
inception_v3,oven,oven,5,0108_lp_dnn_5_oven_10_n04111531_6080.png
inception_v3,dog,bear,15,0109_lp_dnn_15_bear_10_n02134084_22736.png
inception_v3,knife,knife,1,0110_lp_dnn_1_knife_10_n03041632_33326.png
inception_v3,dog,bicycle,7,0113_lp_dnn_7_bicycle_10_n03792782_5416.png
inception_v3,knife,knife,7,0114_lp_dnn_7_knife_10_n03041632_25772.png
inception_v3,dog,bicycle,10,0115_lp_dnn_10_bicycle_10_n03792782_7108.png
inception_v3,chair,chair,0,0116_lp_dnn_0_chair_10_n03376595_1981.png
inception_v3,chair,oven,15,0117_lp_dnn_15_oven_10_n04111531_6508.png
inception_v3,bottle,bird,15,0118_lp_dnn_15_bird_10_n01843383_2843.png
inception_v3,cat,cat,5,0119_lp_dnn_5_cat_10_n02123597_5887.png
inception_v3,bird,bird,1,0121_lp_dnn_1_bird_10_n01530575_10332.png
inception_v3,bottle,elephant,15,0122_lp_dnn_15_elephant_10_n02504013_5887.png
inception_v3,dog,cat,3,0123_lp_dnn_3_cat_10_n02124075_8693.png
inception_v3,knife,boat,15,0124_lp_dnn_15_boat_10_n04612504_26151.png
inception_v3,bottle,cat,7,0125_lp_dnn_7_cat_10_n02125311_53412.png
inception_v3,knife,knife,7,0126_lp_dnn_7_knife_10_n03041632_46914.png
inception_v3,bottle,bicycle,15,0127_lp_dnn_15_bicycle_10_n03792782_5629.png
inception_v3,dog,dog,3,0129_lp_dnn_3_dog_10_n02101006_5024.png
inception_v3,bottle,oven,15,0130_lp_dnn_15_oven_10_n04111531_2350.png
inception_v3,knife,airplane,7,0131_lp_dnn_7_airplane_10_n02690373_4839.png
inception_v3,oven,car,5,0132_lp_dnn_5_car_10_n03100240_2075.png
inception_v3,oven,cat,5,0133_lp_dnn_5_cat_10_n02123159_3729.png
inception_v3,clock,knife,10,0134_lp_dnn_10_knife_10_n03041632_3079.png
inception_v3,bottle,elephant,15,0135_lp_dnn_15_elephant_10_n02504013_2052.png
inception_v3,knife,keyboard,15,0137_lp_dnn_15_keyboard_10_n03085013_7955.png
inception_v3,dog,cat,10,0139_lp_dnn_10_cat_10_n02125311_44401.png
inception_v3,bottle,airplane,10,0140_lp_dnn_10_airplane_10_n02690373_10657.png
inception_v3,bicycle,bird,5,0141_lp_dnn_5_bird_10_n02025239_7919.png
inception_v3,keyboard,keyboard,5,0144_lp_dnn_5_keyboard_10_n04505470_4371.png
inception_v3,keyboard,keyboard,0,0145_lp_dnn_0_keyboard_10_n03085013_14237.png
inception_v3,clock,clock,0,0146_lp_dnn_0_clock_10_n03196217_6163.png
inception_v3,bottle,chair,15,0147_lp_dnn_15_chair_10_n02791124_3857.png
inception_v3,truck,truck,0,0149_lp_dnn_0_truck_10_n04467665_17101.png
inception_v3,chair,chair,1,0150_lp_dnn_1_chair_10_n04429376_19354.png
inception_v3,knife,knife,0,0151_lp_dnn_0_knife_10_n03041632_42156.png
inception_v3,car,car,1,0152_lp_dnn_1_car_10_n04285008_39.png
inception_v3,boat,boat,1,0153_lp_dnn_1_boat_10_n03662601_1319.png
inception_v3,truck,truck,7,0154_lp_dnn_7_truck_10_n03796401_4119.png
inception_v3,bottle,bottle,15,0155_lp_dnn_15_bottle_10_n03937543_2333.png
inception_v3,bottle,bottle,3,0156_lp_dnn_3_bottle_10_n04591713_7134.png
inception_v3,dog,dog,0,0157_lp_dnn_0_dog_10_n02107312_3673.png
inception_v3,oven,oven,3,0158_lp_dnn_3_oven_10_n04111531_8373.png
inception_v3,oven,car,3,0159_lp_dnn_3_car_10_n03100240_13707.png
inception_v3,chair,chair,1,0160_lp_dnn_1_chair_10_n02791124_241.png
inception_v3,oven,airplane,7,0161_lp_dnn_7_airplane_10_n02690373_5628.png
inception_v3,keyboard,keyboard,7,0163_lp_dnn_7_keyboard_10_n04505470_4501.png
inception_v3,bird,bird,1,0164_lp_dnn_1_bird_10_n02033041_11415.png
inception_v3,knife,knife,1,0165_lp_dnn_1_knife_10_n03041632_6446.png
inception_v3,bird,bird,0,0166_lp_dnn_0_bird_10_n02011460_3892.png
inception_v3,cat,cat,1,0167_lp_dnn_1_cat_10_n02125311_3174.png
inception_v3,cat,dog,10,0168_lp_dnn_10_dog_10_n02088364_7448.png
inception_v3,cat,cat,1,0169_lp_dnn_1_cat_10_n02123394_4299.png
inception_v3,bottle,keyboard,15,0170_lp_dnn_15_keyboard_10_n03085013_23731.png
inception_v3,chair,knife,5,0171_lp_dnn_5_knife_10_n03041632_29285.png
inception_v3,keyboard,keyboard,0,0172_lp_dnn_0_keyboard_10_n03085013_12164.png
inception_v3,oven,bird,5,0173_lp_dnn_5_bird_10_n01582220_9023.png
inception_v3,bottle,bottle,3,0174_lp_dnn_3_bottle_10_n03983396_12728.png
inception_v3,dog,dog,7,0175_lp_dnn_7_dog_10_n02111277_50807.png
inception_v3,knife,boat,5,0176_lp_dnn_5_boat_10_n04273569_2037.png
inception_v3,knife,boat,10,0178_lp_dnn_10_boat_10_n03662601_12034.png
inception_v3,bottle,airplane,15,0179_lp_dnn_15_airplane_10_n02690373_5845.png
inception_v3,truck,truck,5,0180_lp_dnn_5_truck_10_n03417042_12128.png
inception_v3,oven,keyboard,10,0181_lp_dnn_10_keyboard_10_n03085013_2432.png
inception_v3,chair,chair,5,0182_lp_dnn_5_chair_10_n03376595_9692.png
inception_v3,airplane,chair,3,0183_lp_dnn_3_chair_10_n03376595_12583.png
inception_v3,bear,bear,0,0184_lp_dnn_0_bear_10_n02133161_2135.png
inception_v3,bottle,airplane,10,0185_lp_dnn_10_airplane_10_n02690373_5176.png
inception_v3,elephant,elephant,0,0186_lp_dnn_0_elephant_10_n02504013_10990.png
inception_v3,oven,boat,10,0187_lp_dnn_10_boat_10_n02951358_3155.png
inception_v3,knife,knife,1,0188_lp_dnn_1_knife_10_n03041632_2644.png
inception_v3,airplane,airplane,5,0189_lp_dnn_5_airplane_10_n02690373_5184.png
inception_v3,chair,chair,0,0190_lp_dnn_0_chair_10_n04099969_16161.png
inception_v3,bottle,boat,10,0191_lp_dnn_10_boat_10_n03344393_5343.png
inception_v3,oven,oven,0,0192_lp_dnn_0_oven_10_n04111531_15052.png
inception_v3,bottle,bicycle,15,0193_lp_dnn_15_bicycle_10_n02835271_317.png
inception_v3,bird,bird,0,0194_lp_dnn_0_bird_10_n02002556_15721.png
inception_v3,chair,chair,5,0195_lp_dnn_5_chair_10_n03376595_11280.png
inception_v3,keyboard,keyboard,3,0196_lp_dnn_3_keyboard_10_n04505470_4621.png
inception_v3,truck,boat,7,0197_lp_dnn_7_boat_10_n03662601_6042.png
inception_v3,dog,dog,1,0198_lp_dnn_1_dog_10_n02086646_2810.png
inception_v3,bottle,elephant,15,0199_lp_dnn_15_elephant_10_n02504458_7835.png
inception_v3,dog,cat,15,0200_lp_dnn_15_cat_10_n02123159_6281.png
inception_v3,chair,knife,5,0201_lp_dnn_5_knife_10_n03041632_1661.png
inception_v3,clock,clock,1,0202_lp_dnn_1_clock_10_n02708093_2806.png
inception_v3,boat,boat,1,0203_lp_dnn_1_boat_10_n04273569_1201.png
inception_v3,oven,chair,7,0206_lp_dnn_7_chair_10_n04099969_34325.png
inception_v3,truck,truck,0,0207_lp_dnn_0_truck_10_n04467665_71305.png
inception_v3,boat,boat,5,0208_lp_dnn_5_boat_10_n03344393_5916.png
inception_v3,knife,car,7,0209_lp_dnn_7_car_10_n02814533_28783.png
inception_v3,knife,boat,15,0210_lp_dnn_15_boat_10_n03662601_16825.png
inception_v3,dog,dog,0,0211_lp_dnn_0_dog_10_n02100583_10960.png
inception_v3,dog,elephant,10,0212_lp_dnn_10_elephant_10_n02504458_4587.png
inception_v3,bottle,bottle,10,0213_lp_dnn_10_bottle_10_n03983396_12670.png
inception_v3,bicycle,bicycle,3,0214_lp_dnn_3_bicycle_10_n02835271_18205.png
inception_v3,oven,keyboard,10,0216_lp_dnn_10_keyboard_10_n03085013_4374.png
inception_v3,car,clock,3,0217_lp_dnn_3_clock_10_n03196217_3086.png
inception_v3,clock,clock,15,0218_lp_dnn_15_clock_10_n04548280_254.png
inception_v3,keyboard,bicycle,15,0219_lp_dnn_15_bicycle_10_n02835271_21707.png
inception_v3,clock,bird,15,0220_lp_dnn_15_bird_10_n01819313_6340.png
inception_v3,elephant,bicycle,5,0221_lp_dnn_5_bicycle_10_n02835271_10556.png
inception_v3,bottle,chair,15,0222_lp_dnn_15_chair_10_n04099969_3312.png
inception_v3,bear,car,15,0223_lp_dnn_15_car_10_n04285008_2781.png
inception_v3,clock,clock,3,0224_lp_dnn_3_clock_10_n04548280_21263.png
inception_v3,knife,car,15,0225_lp_dnn_15_car_10_n02814533_9785.png
inception_v3,truck,truck,0,0226_lp_dnn_0_truck_10_n03417042_24100.png
inception_v3,bottle,dog,15,0227_lp_dnn_15_dog_10_n02091244_10926.png
inception_v3,cat,bear,10,0229_lp_dnn_10_bear_10_n02134418_1311.png
inception_v3,chair,bicycle,3,0230_lp_dnn_3_bicycle_10_n03792782_210.png
inception_v3,bottle,cat,3,0231_lp_dnn_3_cat_10_n02123045_5371.png
inception_v3,bottle,boat,15,0232_lp_dnn_15_boat_10_n04612504_19111.png
inception_v3,clock,clock,1,0233_lp_dnn_1_clock_10_n03196217_7836.png
inception_v3,dog,dog,0,0234_lp_dnn_0_dog_10_n02086910_9742.png
inception_v3,bottle,bottle,1,0235_lp_dnn_1_bottle_10_n03937543_4723.png
inception_v3,elephant,dog,5,0236_lp_dnn_5_dog_10_n02111129_6495.png
inception_v3,knife,knife,1,0237_lp_dnn_1_knife_10_n03041632_3101.png
inception_v3,cat,bear,0,0238_lp_dnn_0_bear_10_n02134084_7373.png
inception_v3,oven,bird,7,0239_lp_dnn_7_bird_10_n02009229_11916.png
inception_v3,bottle,oven,7,0240_lp_dnn_7_oven_10_n04111531_14208.png
inception_v3,bird,bird,3,0241_lp_dnn_3_bird_10_n01601694_20287.png
inception_v3,knife,oven,15,0242_lp_dnn_15_oven_10_n04111531_5519.png
inception_v3,car,car,1,0243_lp_dnn_1_car_10_n04285008_10893.png
inception_v3,knife,clock,7,0245_lp_dnn_7_clock_10_n04548280_532.png
inception_v3,keyboard,keyboard,0,0246_lp_dnn_0_keyboard_10_n04505470_73.png
inception_v3,keyboard,bottle,10,0247_lp_dnn_10_bottle_10_n02823428_6766.png
inception_v3,oven,boat,15,0248_lp_dnn_15_boat_10_n02951358_26579.png
inception_v3,bottle,dog,10,0249_lp_dnn_10_dog_10_n02085782_7651.png
inception_v3,clock,clock,3,0250_lp_dnn_3_clock_10_n02708093_1747.png
inception_v3,truck,truck,3,0251_lp_dnn_3_truck_10_n04467665_19645.png
inception_v3,bottle,airplane,15,0252_lp_dnn_15_airplane_10_n02690373_17262.png
inception_v3,elephant,elephant,0,0253_lp_dnn_0_elephant_10_n02504458_10428.png
inception_v3,cat,cat,7,0254_lp_dnn_7_cat_10_n02124075_9149.png
inception_v3,dog,elephant,10,0255_lp_dnn_10_elephant_10_n02504013_7923.png
inception_v3,dog,cat,3,0256_lp_dnn_3_cat_10_n02123394_4789.png
inception_v3,oven,clock,5,0257_lp_dnn_5_clock_10_n03196217_2530.png
inception_v3,oven,airplane,5,0258_lp_dnn_5_airplane_10_n02690373_6992.png
inception_v3,oven,airplane,3,0259_lp_dnn_3_airplane_10_n02690373_5056.png
inception_v3,bear,bear,1,0260_lp_dnn_1_bear_10_n02134418_2231.png
inception_v3,truck,truck,10,0261_lp_dnn_10_truck_10_n03796401_180.png
inception_v3,bicycle,bicycle,3,0262_lp_dnn_3_bicycle_10_n02835271_3246.png
inception_v3,truck,truck,3,0263_lp_dnn_3_truck_10_n03796401_599.png
inception_v3,oven,oven,7,0264_lp_dnn_7_oven_10_n04111531_13862.png
inception_v3,oven,oven,0,0265_lp_dnn_0_oven_10_n04111531_10420.png
inception_v3,bottle,car,10,0266_lp_dnn_10_car_10_n03100240_15531.png
inception_v3,truck,dog,7,0267_lp_dnn_7_dog_10_n02099849_3128.png
inception_v3,chair,chair,5,0268_lp_dnn_5_chair_10_n02791124_3222.png
inception_v3,keyboard,keyboard,5,0269_lp_dnn_5_keyboard_10_n04505470_8364.png
inception_v3,clock,clock,0,0270_lp_dnn_0_clock_10_n04548280_9294.png
inception_v3,bottle,bottle,7,0271_lp_dnn_7_bottle_10_n03937543_3358.png
inception_v3,knife,knife,7,0272_lp_dnn_7_knife_10_n03041632_2058.png
inception_v3,chair,elephant,1,0273_lp_dnn_1_elephant_10_n02504458_5671.png
inception_v3,chair,chair,10,0274_lp_dnn_10_chair_10_n02791124_6281.png
inception_v3,knife,cat,15,0275_lp_dnn_15_cat_10_n02125311_44920.png
inception_v3,dog,airplane,5,0276_lp_dnn_5_airplane_10_n02690373_2981.png
inception_v3,knife,knife,1,0277_lp_dnn_1_knife_10_n03041632_2468.png
inception_v3,clock,clock,1,0278_lp_dnn_1_clock_10_n02708093_3605.png
inception_v3,bicycle,bicycle,1,0279_lp_dnn_1_bicycle_10_n02835271_19019.png
inception_v3,keyboard,keyboard,7,0280_lp_dnn_7_keyboard_10_n03085013_1188.png
inception_v3,oven,oven,1,0281_lp_dnn_1_oven_10_n04111531_2715.png
inception_v3,knife,keyboard,10,0282_lp_dnn_10_keyboard_10_n03085013_9533.png
inception_v3,cat,cat,3,0283_lp_dnn_3_cat_10_n02123045_20366.png
inception_v3,chair,chair,5,0284_lp_dnn_5_chair_10_n03376595_302.png
inception_v3,cat,cat,7,0285_lp_dnn_7_cat_10_n02123597_14267.png
inception_v3,clock,dog,15,0286_lp_dnn_15_dog_10_n02098286_2582.png
inception_v3,boat,boat,1,0287_lp_dnn_1_boat_10_n03344393_4001.png
inception_v3,elephant,bicycle,15,0288_lp_dnn_15_bicycle_10_n02835271_6122.png
inception_v3,dog,dog,3,0289_lp_dnn_3_dog_10_n02091134_3075.png
inception_v3,cat,bottle,10,0291_lp_dnn_10_bottle_10_n04591713_4876.png
inception_v3,bottle,bottle,0,0292_lp_dnn_0_bottle_10_n02823428_2510.png
inception_v3,keyboard,keyboard,1,0293_lp_dnn_1_keyboard_10_n03085013_5950.png
inception_v3,dog,bear,5,0294_lp_dnn_5_bear_10_n02133161_1490.png
inception_v3,bottle,truck,10,0295_lp_dnn_10_truck_10_n03796401_28465.png
inception_v3,knife,bottle,15,0296_lp_dnn_15_bottle_10_n02823428_6627.png
inception_v3,truck,truck,5,0297_lp_dnn_5_truck_10_n04467665_69582.png
inception_v3,truck,truck,5,0300_lp_dnn_5_truck_10_n04467665_44714.png
inception_v3,airplane,airplane,3,0301_lp_dnn_3_airplane_10_n02690373_7487.png
inception_v3,knife,elephant,15,0302_lp_dnn_15_elephant_10_n02504458_7472.png
inception_v3,boat,boat,3,0303_lp_dnn_3_boat_10_n03662601_25023.png
inception_v3,knife,knife,0,0304_lp_dnn_0_knife_10_n03041632_101673.png
inception_v3,elephant,bottle,7,0305_lp_dnn_7_bottle_10_n03983396_587.png
inception_v3,chair,cat,3,0306_lp_dnn_3_cat_10_n02124075_7692.png
inception_v3,oven,oven,0,0307_lp_dnn_0_oven_10_n04111531_6313.png
inception_v3,chair,bird,7,0308_lp_dnn_7_bird_10_n02018795_5770.png
inception_v3,bottle,bottle,3,0309_lp_dnn_3_bottle_10_n02823428_4658.png
inception_v3,airplane,airplane,1,0310_lp_dnn_1_airplane_10_n02690373_2724.png
inception_v3,bottle,boat,7,0312_lp_dnn_7_boat_10_n02951358_34783.png
inception_v3,cat,cat,0,0313_lp_dnn_0_cat_10_n02123597_680.png
inception_v3,dog,bear,10,0314_lp_dnn_10_bear_10_n02133161_9863.png
inception_v3,bear,bear,1,0315_lp_dnn_1_bear_10_n02133161_2100.png
inception_v3,oven,oven,3,0316_lp_dnn_3_oven_10_n04111531_8009.png
inception_v3,chair,bird,5,0318_lp_dnn_5_bird_10_n01824575_4941.png
inception_v3,bottle,knife,15,0319_lp_dnn_15_knife_10_n03041632_289.png
inception_v3,elephant,dog,10,0320_lp_dnn_10_dog_10_n02101006_15350.png
inception_v3,dog,elephant,5,0321_lp_dnn_5_elephant_10_n02504458_1636.png
inception_v3,bottle,car,7,0322_lp_dnn_7_car_10_n04285008_8666.png
inception_v3,bottle,bottle,5,0323_lp_dnn_5_bottle_10_n02823428_5451.png
inception_v3,car,car,3,0324_lp_dnn_3_car_10_n03100240_2495.png
inception_v3,bottle,bicycle,10,0325_lp_dnn_10_bicycle_10_n02835271_19565.png
inception_v3,airplane,airplane,1,0326_lp_dnn_1_airplane_10_n02690373_349.png
inception_v3,cat,cat,7,0327_lp_dnn_7_cat_10_n02123045_20512.png
inception_v3,truck,keyboard,1,0328_lp_dnn_1_keyboard_10_n03085013_23619.png
inception_v3,chair,boat,7,0329_lp_dnn_7_boat_10_n03662601_16925.png
inception_v3,oven,oven,10,0330_lp_dnn_10_oven_10_n04111531_12830.png
inception_v3,boat,boat,5,0331_lp_dnn_5_boat_10_n02951358_33277.png
inception_v3,keyboard,bear,15,0332_lp_dnn_15_bear_10_n02133161_156.png
inception_v3,oven,keyboard,10,0334_lp_dnn_10_keyboard_10_n04505470_4587.png
inception_v3,keyboard,bear,10,0335_lp_dnn_10_bear_10_n02134084_27899.png
inception_v3,keyboard,keyboard,0,0336_lp_dnn_0_keyboard_10_n03085013_10984.png
inception_v3,bottle,bottle,5,0337_lp_dnn_5_bottle_10_n03983396_10469.png
inception_v3,keyboard,knife,10,0338_lp_dnn_10_knife_10_n03041632_20707.png
inception_v3,car,car,1,0339_lp_dnn_1_car_10_n04285008_9411.png
inception_v3,knife,knife,7,0341_lp_dnn_7_knife_10_n03041632_16206.png
inception_v3,elephant,bicycle,5,0342_lp_dnn_5_bicycle_10_n03792782_7180.png
inception_v3,bear,bear,0,0343_lp_dnn_0_bear_10_n02134418_2719.png
inception_v3,chair,chair,0,0344_lp_dnn_0_chair_10_n04099969_2038.png
inception_v3,dog,dog,1,0345_lp_dnn_1_dog_10_n02113023_5237.png
inception_v3,clock,clock,7,0347_lp_dnn_7_clock_10_n04548280_219.png
inception_v3,knife,boat,15,0348_lp_dnn_15_boat_10_n04612504_2805.png
inception_v3,clock,clock,7,0349_lp_dnn_7_clock_10_n02708093_7020.png
inception_v3,chair,oven,3,0350_lp_dnn_3_oven_10_n04111531_5171.png
inception_v3,cat,cat,3,0351_lp_dnn_3_cat_10_n02125311_37322.png
inception_v3,dog,cat,7,0352_lp_dnn_7_cat_10_n02123597_14094.png
inception_v3,keyboard,boat,15,0353_lp_dnn_15_boat_10_n02951358_13352.png
inception_v3,chair,bicycle,10,0354_lp_dnn_10_bicycle_10_n02835271_20445.png
inception_v3,oven,knife,7,0355_lp_dnn_7_knife_10_n03041632_4708.png
inception_v3,oven,oven,7,0356_lp_dnn_7_oven_10_n04111531_505.png
inception_v3,bicycle,bicycle,1,0357_lp_dnn_1_bicycle_10_n03792782_104.png
inception_v3,bicycle,bicycle,5,0359_lp_dnn_5_bicycle_10_n03792782_5578.png
inception_v3,oven,truck,10,0360_lp_dnn_10_truck_10_n03417042_1437.png
inception_v3,cat,cat,0,0361_lp_dnn_0_cat_10_n02123045_7482.png
inception_v3,dog,bird,10,0362_lp_dnn_10_bird_10_n02037110_554.png
inception_v3,oven,bicycle,5,0363_lp_dnn_5_bicycle_10_n03792782_15.png
inception_v3,chair,bicycle,5,0364_lp_dnn_5_bicycle_10_n02835271_7450.png
inception_v3,cat,boat,5,0365_lp_dnn_5_boat_10_n03344393_3881.png
inception_v3,keyboard,chair,10,0366_lp_dnn_10_chair_10_n04099969_3623.png
inception_v3,airplane,airplane,5,0367_lp_dnn_5_airplane_10_n02690373_2579.png
inception_v3,knife,dog,15,0368_lp_dnn_15_dog_10_n02093859_3707.png
inception_v3,bottle,bottle,1,0369_lp_dnn_1_bottle_10_n04560804_22426.png
inception_v3,dog,clock,15,0370_lp_dnn_15_clock_10_n03196217_82.png
inception_v3,car,car,5,0371_lp_dnn_5_car_10_n03100240_16907.png
inception_v3,keyboard,oven,5,0372_lp_dnn_5_oven_10_n04111531_9548.png
inception_v3,clock,clock,7,0373_lp_dnn_7_clock_10_n02708093_3751.png
inception_v3,truck,car,7,0374_lp_dnn_7_car_10_n02814533_6593.png
inception_v3,airplane,airplane,0,0375_lp_dnn_0_airplane_10_n02690373_3212.png
inception_v3,dog,cat,1,0376_lp_dnn_1_cat_10_n02123045_5820.png
inception_v3,elephant,elephant,3,0377_lp_dnn_3_elephant_10_n02504458_205.png
inception_v3,clock,elephant,10,0378_lp_dnn_10_elephant_10_n02504013_3425.png
inception_v3,cat,bird,15,0379_lp_dnn_15_bird_10_n02056570_9572.png
inception_v3,knife,boat,10,0381_lp_dnn_10_boat_10_n04273569_10716.png
inception_v3,clock,bear,15,0382_lp_dnn_15_bear_10_n02134084_19849.png
inception_v3,bottle,oven,10,0385_lp_dnn_10_oven_10_n04111531_4392.png
inception_v3,airplane,airplane,0,0386_lp_dnn_0_airplane_10_n02690373_7099.png
inception_v3,truck,cat,5,0387_lp_dnn_5_cat_10_n02124075_13187.png
inception_v3,knife,knife,0,0388_lp_dnn_0_knife_10_n03041632_32048.png
inception_v3,airplane,airplane,3,0389_lp_dnn_3_airplane_10_n02690373_20074.png
inception_v3,car,car,1,0390_lp_dnn_1_car_10_n02814533_83577.png
inception_v3,knife,knife,3,0392_lp_dnn_3_knife_10_n03041632_13130.png
inception_v3,bottle,knife,0,0393_lp_dnn_0_knife_10_n03041632_1006.png
inception_v3,elephant,elephant,1,0394_lp_dnn_1_elephant_10_n02504458_7634.png
inception_v3,bicycle,bicycle,1,0395_lp_dnn_1_bicycle_10_n02835271_17184.png
inception_v3,boat,oven,0,0396_lp_dnn_0_oven_10_n04111531_2189.png
inception_v3,elephant,cat,15,0397_lp_dnn_15_cat_10_n02124075_11888.png
inception_v3,clock,cat,10,0398_lp_dnn_10_cat_10_n02123394_1690.png
inception_v3,dog,dog,1,0399_lp_dnn_1_dog_10_n02111500_2905.png
inception_v3,bottle,knife,5,0400_lp_dnn_5_knife_10_n03041632_20433.png
inception_v3,cat,clock,15,0401_lp_dnn_15_clock_10_n04548280_22641.png
inception_v3,bottle,bottle,15,0402_lp_dnn_15_bottle_10_n04557648_634.png
inception_v3,truck,truck,1,0403_lp_dnn_1_truck_10_n04467665_69447.png
inception_v3,elephant,elephant,3,0404_lp_dnn_3_elephant_10_n02504013_1777.png
inception_v3,truck,truck,0,0405_lp_dnn_0_truck_10_n03796401_2559.png
inception_v3,car,car,1,0406_lp_dnn_1_car_10_n02814533_42547.png
inception_v3,bottle,clock,15,0407_lp_dnn_15_clock_10_n04548280_7181.png
inception_v3,boat,boat,1,0408_lp_dnn_1_boat_10_n03344393_5030.png
inception_v3,clock,bottle,15,0409_lp_dnn_15_bottle_10_n04591713_2952.png
inception_v3,keyboard,keyboard,5,0410_lp_dnn_5_keyboard_10_n04505470_4742.png
inception_v3,keyboard,bear,7,0411_lp_dnn_7_bear_10_n02134418_4696.png
inception_v3,bottle,bicycle,15,0413_lp_dnn_15_bicycle_10_n02835271_8203.png
inception_v3,chair,boat,3,0416_lp_dnn_3_boat_10_n03344393_8265.png
inception_v3,bottle,truck,10,0417_lp_dnn_10_truck_10_n04467665_12177.png
inception_v3,car,car,3,0418_lp_dnn_3_car_10_n03100240_8987.png
inception_v3,knife,bird,15,0419_lp_dnn_15_bird_10_n01530575_10601.png
inception_v3,clock,keyboard,15,0420_lp_dnn_15_keyboard_10_n04505470_313.png
inception_v3,keyboard,truck,1,0421_lp_dnn_1_truck_10_n03417042_5371.png
inception_v3,truck,truck,0,0422_lp_dnn_0_truck_10_n03796401_29952.png
inception_v3,bicycle,bicycle,5,0423_lp_dnn_5_bicycle_10_n03792782_6159.png
inception_v3,elephant,elephant,7,0424_lp_dnn_7_elephant_10_n02504458_1336.png
inception_v3,chair,bicycle,10,0425_lp_dnn_10_bicycle_10_n02835271_8597.png
inception_v3,keyboard,keyboard,3,0426_lp_dnn_3_keyboard_10_n04505470_3615.png
inception_v3,cat,dog,7,0427_lp_dnn_7_dog_10_n02090721_7040.png
inception_v3,cat,cat,0,0428_lp_dnn_0_cat_10_n02124075_17347.png
inception_v3,keyboard,keyboard,0,0429_lp_dnn_0_keyboard_10_n03085013_23018.png
inception_v3,clock,knife,15,0432_lp_dnn_15_knife_10_n03041632_27848.png
inception_v3,keyboard,keyboard,3,0433_lp_dnn_3_keyboard_10_n04505470_4432.png
inception_v3,bottle,bear,15,0434_lp_dnn_15_bear_10_n02132136_786.png
inception_v3,knife,truck,15,0435_lp_dnn_15_truck_10_n03796401_10519.png
inception_v3,airplane,airplane,5,0436_lp_dnn_5_airplane_10_n02690373_9086.png
inception_v3,boat,boat,0,0437_lp_dnn_0_boat_10_n02951358_512.png
inception_v3,dog,bear,10,0438_lp_dnn_10_bear_10_n02132136_10468.png
inception_v3,truck,bear,5,0439_lp_dnn_5_bear_10_n02134084_13175.png
inception_v3,keyboard,dog,10,0440_lp_dnn_10_dog_10_n02088364_2119.png
inception_v3,boat,boat,1,0441_lp_dnn_1_boat_10_n04612504_26238.png
inception_v3,truck,bear,3,0442_lp_dnn_3_bear_10_n02134084_20142.png
inception_v3,dog,dog,5,0443_lp_dnn_5_dog_10_n02107683_1076.png
inception_v3,car,car,3,0444_lp_dnn_3_car_10_n02814533_35386.png
inception_v3,bird,bird,3,0445_lp_dnn_3_bird_10_n01531178_15380.png
inception_v3,oven,bear,7,0446_lp_dnn_7_bear_10_n02134084_17529.png
inception_v3,knife,bicycle,10,0447_lp_dnn_10_bicycle_10_n02835271_22623.png
inception_v3,bottle,chair,15,0448_lp_dnn_15_chair_10_n02791124_3160.png
inception_v3,bottle,bottle,0,0449_lp_dnn_0_bottle_10_n02823428_2422.png
inception_v3,clock,bear,7,0450_lp_dnn_7_bear_10_n02134084_34902.png
inception_v3,bottle,bicycle,15,0451_lp_dnn_15_bicycle_10_n02835271_3535.png
inception_v3,oven,oven,1,0452_lp_dnn_1_oven_10_n04111531_10640.png
inception_v3,keyboard,keyboard,0,0454_lp_dnn_0_keyboard_10_n03085013_26656.png
inception_v3,boat,boat,5,0455_lp_dnn_5_boat_10_n03344393_9575.png
inception_v3,boat,boat,1,0456_lp_dnn_1_boat_10_n03344393_4616.png
inception_v3,bicycle,bicycle,0,0457_lp_dnn_0_bicycle_10_n02835271_11929.png
inception_v3,keyboard,keyboard,3,0458_lp_dnn_3_keyboard_10_n03085013_20515.png
inception_v3,airplane,airplane,0,0460_lp_dnn_0_airplane_10_n02690373_10114.png
inception_v3,knife,airplane,10,0461_lp_dnn_10_airplane_10_n02690373_8543.png
inception_v3,oven,chair,7,0462_lp_dnn_7_chair_10_n04429376_14967.png
inception_v3,elephant,cat,15,0463_lp_dnn_15_cat_10_n02125311_24439.png
inception_v3,truck,truck,5,0464_lp_dnn_5_truck_10_n03417042_4665.png
inception_v3,bird,bird,1,0466_lp_dnn_1_bird_10_n01843065_3596.png
inception_v3,oven,bird,10,0467_lp_dnn_10_bird_10_n02011460_17499.png
inception_v3,elephant,elephant,0,0468_lp_dnn_0_elephant_10_n02504458_7506.png
inception_v3,dog,dog,5,0472_lp_dnn_5_dog_10_n02106382_1806.png
inception_v3,bottle,chair,15,0473_lp_dnn_15_chair_10_n02791124_3890.png
inception_v3,elephant,elephant,7,0474_lp_dnn_7_elephant_10_n02504013_16929.png
inception_v3,dog,elephant,7,0475_lp_dnn_7_elephant_10_n02504013_8052.png
inception_v3,bear,bear,1,0476_lp_dnn_1_bear_10_n02132136_1584.png
inception_v3,keyboard,keyboard,1,0477_lp_dnn_1_keyboard_10_n04505470_532.png
inception_v3,airplane,airplane,1,0478_lp_dnn_1_airplane_10_n02690373_3988.png
inception_v3,clock,bicycle,15,0479_lp_dnn_15_bicycle_10_n03792782_13051.png
inception_v3,dog,bear,3,0480_lp_dnn_3_bear_10_n02134084_4818.png
inception_v3,bottle,boat,10,0481_lp_dnn_10_boat_10_n02951358_9146.png
inception_v3,clock,bottle,3,0485_lp_dnn_3_bottle_10_n03937543_11101.png
inception_v3,elephant,bear,7,0486_lp_dnn_7_bear_10_n02133161_2281.png
inception_v3,bottle,airplane,10,0487_lp_dnn_10_airplane_10_n02690373_8813.png
inception_v3,truck,oven,3,0490_lp_dnn_3_oven_10_n04111531_10216.png
inception_v3,dog,bird,7,0491_lp_dnn_7_bird_10_n01614925_1097.png
inception_v3,bird,bird,0,0492_lp_dnn_0_bird_10_n02017213_1163.png
inception_v3,clock,truck,15,0494_lp_dnn_15_truck_10_n04467665_39317.png
inception_v3,dog,dog,1,0495_lp_dnn_1_dog_10_n02093754_5037.png
inception_v3,cat,airplane,7,0497_lp_dnn_7_airplane_10_n02690373_2564.png
inception_v3,chair,chair,10,0499_lp_dnn_10_chair_10_n04429376_2450.png
inception_v3,keyboard,keyboard,0,0500_lp_dnn_0_keyboard_10_n04505470_4044.png
inception_v3,clock,oven,15,0501_lp_dnn_15_oven_10_n04111531_8269.png
inception_v3,clock,clock,7,0502_lp_dnn_7_clock_10_n02708093_6890.png
inception_v3,bottle,bicycle,15,0504_lp_dnn_15_bicycle_10_n03792782_24734.png
inception_v3,elephant,elephant,3,0506_lp_dnn_3_elephant_10_n02504458_2994.png
inception_v3,dog,dog,0,0507_lp_dnn_0_dog_10_n02108422_1164.png
inception_v3,clock,clock,5,0508_lp_dnn_5_clock_10_n04548280_2421.png
inception_v3,airplane,oven,5,0509_lp_dnn_5_oven_10_n04111531_2930.png
inception_v3,bear,bear,1,0510_lp_dnn_1_bear_10_n02132136_4271.png
inception_v3,truck,oven,7,0511_lp_dnn_7_oven_10_n04111531_8603.png
inception_v3,knife,knife,3,0513_lp_dnn_3_knife_10_n03041632_47410.png
inception_v3,bottle,elephant,15,0514_lp_dnn_15_elephant_10_n02504458_1000.png
inception_v3,cat,cat,1,0515_lp_dnn_1_cat_10_n02124075_8884.png
inception_v3,bottle,bird,7,0516_lp_dnn_7_bird_10_n01622779_1370.png
inception_v3,cat,cat,0,0517_lp_dnn_0_cat_10_n02123045_8215.png
inception_v3,car,car,5,0518_lp_dnn_5_car_10_n03100240_3083.png
inception_v3,chair,bicycle,3,0519_lp_dnn_3_bicycle_10_n03792782_9280.png
inception_v3,bird,bird,5,0520_lp_dnn_5_bird_10_n01819313_3505.png
inception_v3,bottle,bird,15,0521_lp_dnn_15_bird_10_n01531178_5130.png
inception_v3,bottle,clock,15,0522_lp_dnn_15_clock_10_n02708093_2867.png
inception_v3,keyboard,bear,7,0523_lp_dnn_7_bear_10_n02134418_258.png
inception_v3,bottle,bottle,1,0524_lp_dnn_1_bottle_10_n02823428_8280.png
inception_v3,dog,elephant,7,0525_lp_dnn_7_elephant_10_n02504013_24811.png
inception_v3,bottle,bottle,0,0527_lp_dnn_0_bottle_10_n02823428_14536.png
inception_v3,knife,knife,5,0528_lp_dnn_5_knife_10_n03041632_21723.png
inception_v3,cat,cat,10,0529_lp_dnn_10_cat_10_n02123159_8396.png
inception_v3,bird,bird,0,0531_lp_dnn_0_bird_10_n01514859_12705.png
inception_v3,dog,dog,7,0532_lp_dnn_7_dog_10_n02097047_911.png
inception_v3,keyboard,keyboard,10,0533_lp_dnn_10_keyboard_10_n04505470_3132.png
inception_v3,airplane,airplane,1,0534_lp_dnn_1_airplane_10_n02690373_11908.png
inception_v3,keyboard,bottle,15,0536_lp_dnn_15_bottle_10_n03937543_5375.png
inception_v3,bottle,bottle,1,0537_lp_dnn_1_bottle_10_n04591713_6138.png
inception_v3,knife,bottle,15,0538_lp_dnn_15_bottle_10_n04557648_12559.png
inception_v3,bottle,keyboard,15,0540_lp_dnn_15_keyboard_10_n04505470_4732.png
inception_v3,chair,chair,3,0542_lp_dnn_3_chair_10_n02791124_14040.png
inception_v3,knife,boat,15,0543_lp_dnn_15_boat_10_n04273569_3095.png
inception_v3,bird,bird,1,0544_lp_dnn_1_bird_10_n02002724_18548.png
inception_v3,bottle,oven,10,0545_lp_dnn_10_oven_10_n04111531_8537.png
inception_v3,dog,dog,5,0547_lp_dnn_5_dog_10_n02102040_1660.png
inception_v3,bear,bear,0,0548_lp_dnn_0_bear_10_n02134084_7790.png
inception_v3,bottle,knife,10,0549_lp_dnn_10_knife_10_n03041632_17091.png
inception_v3,chair,keyboard,5,0550_lp_dnn_5_keyboard_10_n04505470_9331.png
inception_v3,bicycle,airplane,5,0551_lp_dnn_5_airplane_10_n02690373_6887.png
inception_v3,chair,chair,1,0552_lp_dnn_1_chair_10_n02791124_2540.png
inception_v3,truck,truck,3,0553_lp_dnn_3_truck_10_n03796401_23774.png
inception_v3,clock,clock,5,0555_lp_dnn_5_clock_10_n04548280_3563.png
inception_v3,bicycle,bicycle,0,0556_lp_dnn_0_bicycle_10_n03792782_8287.png
inception_v3,clock,clock,3,0557_lp_dnn_3_clock_10_n04548280_4225.png
inception_v3,car,car,0,0558_lp_dnn_0_car_10_n04285008_11931.png
inception_v3,truck,elephant,5,0559_lp_dnn_5_elephant_10_n02504013_9396.png
inception_v3,bicycle,bicycle,7,0561_lp_dnn_7_bicycle_10_n03792782_9692.png
inception_v3,keyboard,chair,7,0562_lp_dnn_7_chair_10_n02791124_57.png
inception_v3,boat,boat,1,0564_lp_dnn_1_boat_10_n02951358_34917.png
inception_v3,clock,clock,0,0565_lp_dnn_0_clock_10_n02708093_2762.png
inception_v3,knife,knife,5,0566_lp_dnn_5_knife_10_n03041632_4879.png
inception_v3,car,car,0,0567_lp_dnn_0_car_10_n02814533_4689.png
inception_v3,boat,boat,1,0568_lp_dnn_1_boat_10_n02951358_2445.png
inception_v3,keyboard,car,10,0570_lp_dnn_10_car_10_n02814533_32924.png
inception_v3,dog,bottle,10,0571_lp_dnn_10_bottle_10_n02823428_5135.png
inception_v3,keyboard,keyboard,1,0572_lp_dnn_1_keyboard_10_n03085013_9066.png
inception_v3,oven,oven,10,0573_lp_dnn_10_oven_10_n04111531_11279.png
inception_v3,car,car,10,0574_lp_dnn_10_car_10_n04285008_12182.png
inception_v3,dog,bear,0,0575_lp_dnn_0_bear_10_n02133161_5681.png
inception_v3,dog,dog,5,0576_lp_dnn_5_dog_10_n02108915_5514.png
inception_v3,knife,airplane,15,0577_lp_dnn_15_airplane_10_n02690373_7239.png
inception_v3,dog,dog,0,0578_lp_dnn_0_dog_10_n02094258_4979.png
inception_v3,chair,chair,3,0579_lp_dnn_3_chair_10_n04429376_15078.png
inception_v3,keyboard,keyboard,3,0581_lp_dnn_3_keyboard_10_n04505470_3947.png
inception_v3,knife,car,15,0582_lp_dnn_15_car_10_n03100240_2996.png
inception_v3,bottle,cat,10,0583_lp_dnn_10_cat_10_n02123159_3226.png
inception_v3,truck,truck,7,0584_lp_dnn_7_truck_10_n03417042_19905.png
inception_v3,boat,bird,0,0585_lp_dnn_0_bird_10_n02009229_4838.png
inception_v3,oven,oven,1,0586_lp_dnn_1_oven_10_n04111531_14383.png
inception_v3,dog,bear,5,0587_lp_dnn_5_bear_10_n02132136_1152.png
inception_v3,cat,cat,0,0588_lp_dnn_0_cat_10_n02123597_10952.png
inception_v3,boat,boat,0,0589_lp_dnn_0_boat_10_n04273569_12318.png
inception_v3,keyboard,dog,10,0591_lp_dnn_10_dog_10_n02091032_9464.png
inception_v3,bottle,oven,7,0592_lp_dnn_7_oven_10_n04111531_5218.png
inception_v3,chair,airplane,5,0593_lp_dnn_5_airplane_10_n02690373_9423.png
inception_v3,bird,bird,1,0594_lp_dnn_1_bird_10_n01860187_348.png
inception_v3,oven,oven,10,0596_lp_dnn_10_oven_10_n04111531_7619.png
inception_v3,bicycle,bicycle,3,0597_lp_dnn_3_bicycle_10_n02835271_9202.png
inception_v3,bottle,boat,10,0598_lp_dnn_10_boat_10_n03344393_7826.png
inception_v3,elephant,elephant,3,0599_lp_dnn_3_elephant_10_n02504013_10330.png
inception_v3,truck,truck,10,0600_lp_dnn_10_truck_10_n04467665_69202.png
inception_v3,chair,keyboard,7,0601_lp_dnn_7_keyboard_10_n04505470_1120.png
inception_v3,car,car,5,0602_lp_dnn_5_car_10_n04285008_434.png
inception_v3,cat,cat,1,0603_lp_dnn_1_cat_10_n02123597_7592.png
inception_v3,dog,dog,15,0604_lp_dnn_15_dog_10_n02090721_583.png
inception_v3,knife,knife,1,0605_lp_dnn_1_knife_10_n03041632_86783.png
inception_v3,knife,dog,10,0606_lp_dnn_10_dog_10_n02112018_11708.png
inception_v3,bird,bird,0,0607_lp_dnn_0_bird_10_n02018795_5662.png
inception_v3,elephant,elephant,5,0608_lp_dnn_5_elephant_10_n02504013_1088.png
inception_v3,elephant,elephant,5,0609_lp_dnn_5_elephant_10_n02504458_66.png
inception_v3,knife,dog,10,0610_lp_dnn_10_dog_10_n02105056_9099.png
inception_v3,bottle,boat,10,0611_lp_dnn_10_boat_10_n04273569_19699.png
inception_v3,dog,dog,1,0612_lp_dnn_1_dog_10_n02097047_2376.png
inception_v3,boat,boat,1,0613_lp_dnn_1_boat_10_n03662601_11901.png
inception_v3,truck,oven,1,0614_lp_dnn_1_oven_10_n04111531_7667.png
inception_v3,dog,knife,10,0615_lp_dnn_10_knife_10_n03041632_24384.png
inception_v3,cat,car,7,0616_lp_dnn_7_car_10_n03100240_1216.png
inception_v3,bicycle,bicycle,0,0617_lp_dnn_0_bicycle_10_n03792782_3136.png
inception_v3,oven,keyboard,5,0618_lp_dnn_5_keyboard_10_n03085013_26573.png
inception_v3,chair,chair,0,0619_lp_dnn_0_chair_10_n04429376_7888.png
inception_v3,chair,chair,5,0620_lp_dnn_5_chair_10_n03376595_899.png
inception_v3,truck,bicycle,5,0621_lp_dnn_5_bicycle_10_n02835271_24207.png
inception_v3,oven,oven,3,0622_lp_dnn_3_oven_10_n04111531_7329.png
inception_v3,oven,oven,5,0623_lp_dnn_5_oven_10_n04111531_12942.png
inception_v3,knife,bear,15,0624_lp_dnn_15_bear_10_n02134418_1978.png
inception_v3,bottle,keyboard,15,0626_lp_dnn_15_keyboard_10_n03085013_18797.png
inception_v3,knife,airplane,15,0627_lp_dnn_15_airplane_10_n02690373_5496.png
inception_v3,knife,oven,15,0628_lp_dnn_15_oven_10_n04111531_21963.png
inception_v3,bottle,bottle,0,0629_lp_dnn_0_bottle_10_n02823428_2918.png
inception_v3,clock,keyboard,10,0630_lp_dnn_10_keyboard_10_n04505470_9570.png
inception_v3,bird,bird,1,0631_lp_dnn_1_bird_10_n02002556_5977.png
inception_v3,clock,clock,3,0633_lp_dnn_3_clock_10_n04548280_5765.png
inception_v3,cat,cat,15,0634_lp_dnn_15_cat_10_n02123597_11940.png
inception_v3,keyboard,airplane,3,0635_lp_dnn_3_airplane_10_n02690373_3993.png
inception_v3,truck,chair,7,0636_lp_dnn_7_chair_10_n04099969_3984.png
inception_v3,airplane,airplane,3,0637_lp_dnn_3_airplane_10_n02690373_939.png
inception_v3,truck,car,1,0638_lp_dnn_1_car_10_n02814533_48541.png
inception_v3,knife,clock,10,0639_lp_dnn_10_clock_10_n03196217_3986.png
inception_v3,oven,clock,7,0640_lp_dnn_7_clock_10_n03196217_3006.png
inception_v3,cat,elephant,10,0643_lp_dnn_10_elephant_10_n02504458_3209.png
inception_v3,dog,dog,3,0644_lp_dnn_3_dog_10_n02088364_4980.png
inception_v3,elephant,elephant,0,0645_lp_dnn_0_elephant_10_n02504013_1187.png
inception_v3,airplane,airplane,0,0646_lp_dnn_0_airplane_10_n02690373_20690.png
inception_v3,clock,bird,10,0647_lp_dnn_10_bird_10_n01616318_2290.png
inception_v3,bird,bird,1,0648_lp_dnn_1_bird_10_n02051845_1935.png
inception_v3,truck,truck,0,0649_lp_dnn_0_truck_10_n04467665_19131.png
inception_v3,car,car,5,0650_lp_dnn_5_car_10_n03100240_2138.png
inception_v3,elephant,elephant,10,0651_lp_dnn_10_elephant_10_n02504458_5197.png
inception_v3,bicycle,bird,5,0652_lp_dnn_5_bird_10_n01819313_5504.png
inception_v3,bird,bird,3,0653_lp_dnn_3_bird_10_n01560419_1470.png
inception_v3,boat,airplane,3,0654_lp_dnn_3_airplane_10_n02690373_8650.png
inception_v3,clock,clock,1,0656_lp_dnn_1_clock_10_n04548280_9700.png
inception_v3,knife,knife,5,0657_lp_dnn_5_knife_10_n03041632_5162.png
inception_v3,bottle,airplane,10,0658_lp_dnn_10_airplane_10_n02690373_13326.png
inception_v3,oven,oven,3,0659_lp_dnn_3_oven_10_n04111531_857.png
inception_v3,airplane,airplane,0,0661_lp_dnn_0_airplane_10_n02690373_4269.png
inception_v3,elephant,bicycle,7,0662_lp_dnn_7_bicycle_10_n02835271_12608.png
inception_v3,elephant,elephant,1,0663_lp_dnn_1_elephant_10_n02504458_4868.png
inception_v3,truck,chair,7,0664_lp_dnn_7_chair_10_n03376595_11572.png
inception_v3,bottle,cat,10,0665_lp_dnn_10_cat_10_n02123045_1754.png
inception_v3,bottle,bottle,7,0666_lp_dnn_7_bottle_10_n04560804_2002.png
inception_v3,keyboard,truck,5,0667_lp_dnn_5_truck_10_n03796401_4878.png
inception_v3,knife,knife,3,0670_lp_dnn_3_knife_10_n03041632_9256.png
inception_v3,chair,chair,5,0671_lp_dnn_5_chair_10_n04429376_45302.png
inception_v3,truck,truck,3,0672_lp_dnn_3_truck_10_n03417042_5508.png
inception_v3,chair,chair,5,0673_lp_dnn_5_chair_10_n03376595_12326.png
inception_v3,clock,clock,0,0674_lp_dnn_0_clock_10_n04548280_4391.png
inception_v3,car,car,10,0675_lp_dnn_10_car_10_n03100240_4421.png
inception_v3,dog,dog,3,0676_lp_dnn_3_dog_10_n02111500_7233.png
inception_v3,bottle,bottle,1,0677_lp_dnn_1_bottle_10_n04591713_4232.png
inception_v3,airplane,airplane,1,0678_lp_dnn_1_airplane_10_n02690373_5010.png
inception_v3,clock,bird,10,0679_lp_dnn_10_bird_10_n01860187_27046.png
inception_v3,clock,car,10,0680_lp_dnn_10_car_10_n03100240_5136.png
inception_v3,bottle,knife,15,0681_lp_dnn_15_knife_10_n03041632_1884.png
inception_v3,chair,clock,1,0682_lp_dnn_1_clock_10_n04548280_2809.png
inception_v3,bottle,boat,7,0683_lp_dnn_7_boat_10_n03662601_12308.png
inception_v3,clock,airplane,10,0684_lp_dnn_10_airplane_10_n02690373_7432.png
inception_v3,truck,bicycle,7,0685_lp_dnn_7_bicycle_10_n03792782_6149.png
inception_v3,keyboard,chair,10,0686_lp_dnn_10_chair_10_n04429376_24716.png
inception_v3,bottle,bottle,0,0687_lp_dnn_0_bottle_10_n04557648_376.png
inception_v3,bottle,cat,10,0688_lp_dnn_10_cat_10_n02123394_3144.png
inception_v3,truck,dog,3,0689_lp_dnn_3_dog_10_n02092002_12007.png
inception_v3,bottle,bird,15,0690_lp_dnn_15_bird_10_n02028035_33583.png
inception_v3,bottle,bird,15,0691_lp_dnn_15_bird_10_n01797886_904.png
inception_v3,chair,keyboard,15,0692_lp_dnn_15_keyboard_10_n03085013_21397.png
inception_v3,boat,boat,3,0694_lp_dnn_3_boat_10_n03662601_17665.png
inception_v3,clock,clock,10,0695_lp_dnn_10_clock_10_n03196217_9160.png
inception_v3,dog,dog,0,0696_lp_dnn_0_dog_10_n02100735_3595.png
inception_v3,truck,truck,5,0697_lp_dnn_5_truck_10_n03796401_2656.png
inception_v3,oven,oven,5,0699_lp_dnn_5_oven_10_n04111531_20953.png
inception_v3,clock,clock,5,0700_lp_dnn_5_clock_10_n02708093_8051.png
inception_v3,car,car,0,0701_lp_dnn_0_car_10_n03100240_11428.png
inception_v3,bicycle,bicycle,1,0702_lp_dnn_1_bicycle_10_n02835271_12473.png
inception_v3,chair,chair,10,0703_lp_dnn_10_chair_10_n02791124_6865.png
inception_v3,clock,chair,15,0704_lp_dnn_15_chair_10_n03376595_4464.png
inception_v3,airplane,airplane,0,0705_lp_dnn_0_airplane_10_n02690373_1051.png
inception_v3,truck,chair,5,0706_lp_dnn_5_chair_10_n04429376_5789.png
inception_v3,bird,bird,0,0707_lp_dnn_0_bird_10_n01592084_2971.png
inception_v3,dog,bicycle,5,0708_lp_dnn_5_bicycle_10_n03792782_22760.png
inception_v3,oven,oven,0,0710_lp_dnn_0_oven_10_n04111531_21173.png
inception_v3,bottle,bottle,3,0711_lp_dnn_3_bottle_10_n04557648_32252.png
inception_v3,dog,cat,5,0712_lp_dnn_5_cat_10_n02123597_13835.png
inception_v3,knife,knife,10,0713_lp_dnn_10_knife_10_n03041632_11969.png
inception_v3,bottle,cat,5,0714_lp_dnn_5_cat_10_n02125311_22884.png
inception_v3,bottle,bear,7,0715_lp_dnn_7_bear_10_n02134418_860.png
inception_v3,car,car,0,0716_lp_dnn_0_car_10_n03100240_1696.png
inception_v3,bottle,bird,7,0717_lp_dnn_7_bird_10_n02018207_1606.png
inception_v3,bottle,truck,10,0719_lp_dnn_10_truck_10_n04467665_67861.png
inception_v3,truck,truck,1,0720_lp_dnn_1_truck_10_n03417042_820.png
inception_v3,elephant,elephant,7,0721_lp_dnn_7_elephant_10_n02504013_7774.png
inception_v3,boat,boat,3,0722_lp_dnn_3_boat_10_n04273569_11445.png
inception_v3,elephant,elephant,0,0723_lp_dnn_0_elephant_10_n02504458_5482.png
inception_v3,clock,clock,10,0724_lp_dnn_10_clock_10_n03196217_454.png
inception_v3,bottle,bottle,5,0726_lp_dnn_5_bottle_10_n02823428_4694.png
inception_v3,truck,truck,3,0727_lp_dnn_3_truck_10_n03796401_24833.png
inception_v3,knife,knife,1,0728_lp_dnn_1_knife_10_n03041632_81943.png
inception_v3,knife,dog,10,0729_lp_dnn_10_dog_10_n02100735_1764.png
inception_v3,bottle,car,15,0730_lp_dnn_15_car_10_n02814533_36206.png
inception_v3,boat,airplane,5,0731_lp_dnn_5_airplane_10_n02690373_7489.png
inception_v3,bottle,oven,10,0732_lp_dnn_10_oven_10_n04111531_3717.png
inception_v3,oven,oven,7,0733_lp_dnn_7_oven_10_n04111531_2987.png
inception_v3,clock,clock,0,0734_lp_dnn_0_clock_10_n04548280_2169.png
inception_v3,keyboard,keyboard,1,0736_lp_dnn_1_keyboard_10_n03085013_20303.png
inception_v3,knife,knife,5,0737_lp_dnn_5_knife_10_n03041632_12748.png
inception_v3,elephant,elephant,1,0738_lp_dnn_1_elephant_10_n02504458_1626.png
inception_v3,truck,car,5,0739_lp_dnn_5_car_10_n02814533_82372.png
inception_v3,boat,boat,1,0740_lp_dnn_1_boat_10_n03344393_5417.png
inception_v3,bottle,bottle,0,0741_lp_dnn_0_bottle_10_n04591713_5465.png
inception_v3,chair,keyboard,5,0742_lp_dnn_5_keyboard_10_n03085013_2594.png
inception_v3,truck,car,7,0743_lp_dnn_7_car_10_n03100240_1406.png
inception_v3,chair,cat,7,0744_lp_dnn_7_cat_10_n02123159_6954.png
inception_v3,bottle,bear,15,0745_lp_dnn_15_bear_10_n02134084_8601.png
inception_v3,cat,cat,5,0746_lp_dnn_5_cat_10_n02123045_1126.png
inception_v3,truck,car,7,0747_lp_dnn_7_car_10_n04285008_13094.png
inception_v3,knife,knife,0,0748_lp_dnn_0_knife_10_n03041632_11741.png
inception_v3,dog,dog,5,0749_lp_dnn_5_dog_10_n02091635_7361.png
inception_v3,dog,dog,3,0750_lp_dnn_3_dog_10_n02113023_12640.png
inception_v3,clock,clock,7,0752_lp_dnn_7_clock_10_n03196217_1272.png
inception_v3,chair,knife,15,0753_lp_dnn_15_knife_10_n03041632_45264.png
inception_v3,oven,keyboard,7,0754_lp_dnn_7_keyboard_10_n04505470_5150.png
inception_v3,dog,bear,10,0755_lp_dnn_10_bear_10_n02134418_745.png
inception_v3,bottle,cat,0,0756_lp_dnn_0_cat_10_n02124075_10310.png
inception_v3,bear,bear,3,0757_lp_dnn_3_bear_10_n02134418_14961.png
inception_v3,chair,chair,1,0758_lp_dnn_1_chair_10_n02791124_3883.png
inception_v3,boat,boat,3,0759_lp_dnn_3_boat_10_n02951358_33722.png
inception_v3,bottle,bottle,1,0760_lp_dnn_1_bottle_10_n04557648_12301.png
inception_v3,bear,bear,3,0761_lp_dnn_3_bear_10_n02133161_1480.png
inception_v3,knife,dog,1,0762_lp_dnn_1_dog_10_n02091467_3403.png
inception_v3,dog,dog,5,0764_lp_dnn_5_dog_10_n02113023_8535.png
inception_v3,bicycle,bicycle,0,0765_lp_dnn_0_bicycle_10_n03792782_6546.png
inception_v3,cat,cat,3,0766_lp_dnn_3_cat_10_n02125311_6283.png
inception_v3,boat,boat,0,0768_lp_dnn_0_boat_10_n03344393_3452.png
inception_v3,truck,truck,1,0769_lp_dnn_1_truck_10_n03417042_12235.png
inception_v3,clock,keyboard,15,0770_lp_dnn_15_keyboard_10_n04505470_1479.png
inception_v3,cat,clock,10,0771_lp_dnn_10_clock_10_n02708093_6572.png
inception_v3,oven,bird,5,0772_lp_dnn_5_bird_10_n02011460_19314.png
inception_v3,bird,bird,5,0773_lp_dnn_5_bird_10_n02009229_3118.png
inception_v3,bear,bear,5,0774_lp_dnn_5_bear_10_n02133161_5616.png
inception_v3,knife,bicycle,10,0775_lp_dnn_10_bicycle_10_n03792782_62398.png
inception_v3,oven,oven,1,0776_lp_dnn_1_oven_10_n04111531_9289.png
inception_v3,elephant,elephant,0,0777_lp_dnn_0_elephant_10_n02504013_3569.png
inception_v3,clock,knife,7,0778_lp_dnn_7_knife_10_n03041632_2153.png
inception_v3,oven,oven,1,0779_lp_dnn_1_oven_10_n04111531_10313.png
inception_v3,truck,elephant,7,0780_lp_dnn_7_elephant_10_n02504458_716.png
inception_v3,keyboard,clock,5,0781_lp_dnn_5_clock_10_n04548280_1097.png
inception_v3,knife,knife,15,0782_lp_dnn_15_knife_10_n03041632_40530.png
inception_v3,bottle,truck,15,0783_lp_dnn_15_truck_10_n04467665_3125.png
inception_v3,bicycle,bicycle,1,0785_lp_dnn_1_bicycle_10_n02835271_942.png
inception_v3,clock,clock,10,0786_lp_dnn_10_clock_10_n02708093_321.png
inception_v3,keyboard,car,7,0787_lp_dnn_7_car_10_n04285008_13156.png
inception_v3,chair,car,15,0788_lp_dnn_15_car_10_n02814533_58708.png
inception_v3,keyboard,keyboard,0,0789_lp_dnn_0_keyboard_10_n04505470_4599.png
inception_v3,airplane,airplane,3,0790_lp_dnn_3_airplane_10_n02690373_7200.png
inception_v3,oven,airplane,7,0791_lp_dnn_7_airplane_10_n02690373_8789.png
inception_v3,truck,oven,10,0792_lp_dnn_10_oven_10_n04111531_11634.png
inception_v3,bird,bird,0,0794_lp_dnn_0_bird_10_n01833805_5839.png
inception_v3,cat,cat,1,0795_lp_dnn_1_cat_10_n02125311_22037.png
inception_v3,elephant,elephant,7,0796_lp_dnn_7_elephant_10_n02504458_4838.png
inception_v3,elephant,bear,7,0797_lp_dnn_7_bear_10_n02134418_826.png
inception_v3,truck,truck,7,0798_lp_dnn_7_truck_10_n03417042_16856.png
inception_v3,knife,bird,10,0799_lp_dnn_10_bird_10_n02013706_10026.png
inception_v3,bottle,bottle,3,0800_lp_dnn_3_bottle_10_n02823428_7650.png
inception_v3,dog,dog,7,0801_lp_dnn_7_dog_10_n02088238_3078.png
inception_v3,truck,oven,10,0802_lp_dnn_10_oven_10_n04111531_24096.png
inception_v3,oven,boat,15,0803_lp_dnn_15_boat_10_n02951358_29341.png
inception_v3,car,truck,7,0804_lp_dnn_7_truck_10_n04467665_9521.png
inception_v3,bottle,chair,10,0805_lp_dnn_10_chair_10_n04429376_6308.png
inception_v3,airplane,bicycle,5,0806_lp_dnn_5_bicycle_10_n02835271_10814.png
inception_v3,knife,bicycle,5,0807_lp_dnn_5_bicycle_10_n02835271_13439.png
inception_v3,airplane,airplane,1,0808_lp_dnn_1_airplane_10_n02690373_4079.png
inception_v3,chair,chair,7,0809_lp_dnn_7_chair_10_n03376595_3499.png
inception_v3,airplane,bicycle,10,0810_lp_dnn_10_bicycle_10_n03792782_16290.png
inception_v3,bottle,bottle,0,0811_lp_dnn_0_bottle_10_n03983396_16224.png
inception_v3,truck,truck,1,0812_lp_dnn_1_truck_10_n03417042_20591.png
inception_v3,bottle,cat,15,0813_lp_dnn_15_cat_10_n02123394_5909.png
inception_v3,chair,chair,7,0814_lp_dnn_7_chair_10_n02791124_6276.png
inception_v3,cat,bear,10,0815_lp_dnn_10_bear_10_n02133161_396.png
inception_v3,bottle,bottle,7,0816_lp_dnn_7_bottle_10_n03983396_6011.png
inception_v3,bottle,chair,10,0817_lp_dnn_10_chair_10_n03376595_1798.png
inception_v3,bottle,bird,7,0818_lp_dnn_7_bird_10_n01601694_10927.png
inception_v3,clock,clock,10,0820_lp_dnn_10_clock_10_n03196217_2695.png
inception_v3,bottle,bottle,3,0822_lp_dnn_3_bottle_10_n04591713_5019.png
inception_v3,knife,bottle,10,0823_lp_dnn_10_bottle_10_n02823428_3788.png
inception_v3,bear,bear,1,0824_lp_dnn_1_bear_10_n02133161_1356.png
inception_v3,clock,car,15,0825_lp_dnn_15_car_10_n04285008_11714.png
inception_v3,truck,truck,1,0826_lp_dnn_1_truck_10_n03417042_5768.png
inception_v3,keyboard,cat,1,0828_lp_dnn_1_cat_10_n02124075_7579.png
inception_v3,airplane,airplane,1,0829_lp_dnn_1_airplane_10_n02690373_7944.png
inception_v3,elephant,dog,5,0831_lp_dnn_5_dog_10_n02093256_6258.png
inception_v3,cat,elephant,10,0832_lp_dnn_10_elephant_10_n02504458_3648.png
inception_v3,chair,chair,3,0835_lp_dnn_3_chair_10_n04429376_16952.png
inception_v3,dog,dog,1,0836_lp_dnn_1_dog_10_n02113624_8023.png
inception_v3,airplane,airplane,0,0838_lp_dnn_0_airplane_10_n02690373_9401.png
inception_v3,truck,truck,0,0839_lp_dnn_0_truck_10_n03417042_22918.png
inception_v3,clock,bottle,15,0840_lp_dnn_15_bottle_10_n03937543_5678.png
inception_v3,oven,cat,7,0841_lp_dnn_7_cat_10_n02123045_9184.png
inception_v3,elephant,elephant,0,0842_lp_dnn_0_elephant_10_n02504458_908.png
inception_v3,cat,bird,10,0843_lp_dnn_10_bird_10_n01532829_14545.png
inception_v3,cat,bear,3,0844_lp_dnn_3_bear_10_n02134084_17875.png
inception_v3,knife,car,7,0846_lp_dnn_7_car_10_n02814533_3594.png
inception_v3,oven,oven,7,0847_lp_dnn_7_oven_10_n04111531_9702.png
inception_v3,bicycle,bicycle,1,0848_lp_dnn_1_bicycle_10_n03792782_51466.png
inception_v3,chair,knife,15,0849_lp_dnn_15_knife_10_n03041632_1964.png
inception_v3,knife,bicycle,7,0850_lp_dnn_7_bicycle_10_n02835271_7426.png
inception_v3,bottle,keyboard,15,0851_lp_dnn_15_keyboard_10_n03085013_12079.png
inception_v3,bear,bicycle,10,0852_lp_dnn_10_bicycle_10_n03792782_22620.png
inception_v3,bottle,bottle,5,0854_lp_dnn_5_bottle_10_n04560804_2176.png
inception_v3,bottle,airplane,15,0856_lp_dnn_15_airplane_10_n02690373_2521.png
inception_v3,bicycle,bicycle,3,0857_lp_dnn_3_bicycle_10_n02835271_22355.png
inception_v3,bear,bear,7,0858_lp_dnn_7_bear_10_n02134418_5326.png
inception_v3,elephant,bottle,5,0859_lp_dnn_5_bottle_10_n03983396_8164.png
inception_v3,keyboard,keyboard,1,0860_lp_dnn_1_keyboard_10_n03085013_21097.png
inception_v3,elephant,elephant,0,0861_lp_dnn_0_elephant_10_n02504458_6835.png
inception_v3,knife,knife,10,0862_lp_dnn_10_knife_10_n03041632_55711.png
inception_v3,knife,truck,15,0863_lp_dnn_15_truck_10_n03417042_3592.png
inception_v3,dog,dog,7,0864_lp_dnn_7_dog_10_n02110806_23139.png
inception_v3,oven,oven,0,0866_lp_dnn_0_oven_10_n04111531_1612.png
inception_v3,bird,bird,3,0867_lp_dnn_3_bird_10_n01820546_5444.png
inception_v3,car,car,1,0868_lp_dnn_1_car_10_n02814533_43868.png
inception_v3,bottle,elephant,15,0869_lp_dnn_15_elephant_10_n02504013_9393.png
inception_v3,bear,bear,0,0872_lp_dnn_0_bear_10_n02134418_5581.png
inception_v3,chair,bottle,5,0874_lp_dnn_5_bottle_10_n04557648_9493.png
inception_v3,elephant,elephant,5,0875_lp_dnn_5_elephant_10_n02504013_22704.png
inception_v3,truck,car,5,0876_lp_dnn_5_car_10_n02814533_9634.png
inception_v3,keyboard,bottle,5,0877_lp_dnn_5_bottle_10_n04560804_12411.png
inception_v3,dog,dog,3,0878_lp_dnn_3_dog_10_n02112018_6635.png
inception_v3,knife,oven,1,0880_lp_dnn_1_oven_10_n04111531_3072.png
inception_v3,knife,knife,7,0881_lp_dnn_7_knife_10_n03041632_50423.png
inception_v3,knife,cat,7,0882_lp_dnn_7_cat_10_n02123394_4232.png
inception_v3,bottle,oven,15,0884_lp_dnn_15_oven_10_n04111531_92.png
inception_v3,truck,truck,1,0885_lp_dnn_1_truck_10_n03417042_18554.png
inception_v3,keyboard,knife,10,0886_lp_dnn_10_knife_10_n03041632_95293.png
inception_v3,clock,clock,3,0887_lp_dnn_3_clock_10_n04548280_5422.png
inception_v3,clock,bottle,15,0888_lp_dnn_15_bottle_10_n03937543_5512.png
inception_v3,oven,oven,10,0890_lp_dnn_10_oven_10_n04111531_538.png
inception_v3,bird,bird,1,0891_lp_dnn_1_bird_10_n01820546_4609.png
inception_v3,oven,oven,3,0892_lp_dnn_3_oven_10_n04111531_5204.png
inception_v3,bottle,bottle,7,0893_lp_dnn_7_bottle_10_n02823428_2355.png
inception_v3,elephant,elephant,5,0894_lp_dnn_5_elephant_10_n02504458_3059.png
inception_v3,clock,knife,15,0895_lp_dnn_15_knife_10_n03041632_24326.png
inception_v3,oven,truck,10,0896_lp_dnn_10_truck_10_n04467665_7975.png
inception_v3,dog,boat,7,0897_lp_dnn_7_boat_10_n02951358_4551.png
inception_v3,clock,dog,15,0898_lp_dnn_15_dog_10_n02107312_5733.png
inception_v3,bear,bear,3,0899_lp_dnn_3_bear_10_n02132136_15407.png
inception_v3,chair,chair,0,0901_lp_dnn_0_chair_10_n04099969_8032.png
inception_v3,bear,bear,0,0902_lp_dnn_0_bear_10_n02134418_3952.png
inception_v3,bottle,bottle,5,0903_lp_dnn_5_bottle_10_n04591713_3495.png
inception_v3,chair,chair,1,0904_lp_dnn_1_chair_10_n03376595_6942.png
inception_v3,knife,chair,15,0905_lp_dnn_15_chair_10_n02791124_634.png
inception_v3,chair,knife,7,0908_lp_dnn_7_knife_10_n03041632_49513.png
inception_v3,bottle,car,15,0909_lp_dnn_15_car_10_n03100240_5383.png
inception_v3,clock,clock,3,0910_lp_dnn_3_clock_10_n04548280_289.png
inception_v3,elephant,elephant,3,0911_lp_dnn_3_elephant_10_n02504013_9021.png
inception_v3,bottle,elephant,15,0912_lp_dnn_15_elephant_10_n02504458_7477.png
inception_v3,knife,cat,5,0913_lp_dnn_5_cat_10_n02125311_39208.png
inception_v3,boat,boat,0,0914_lp_dnn_0_boat_10_n03662601_1947.png
inception_v3,knife,knife,10,0915_lp_dnn_10_knife_10_n03041632_93026.png
inception_v3,dog,bicycle,7,0916_lp_dnn_7_bicycle_10_n03792782_11950.png
inception_v3,knife,knife,3,0918_lp_dnn_3_knife_10_n03041632_12949.png
inception_v3,truck,car,3,0919_lp_dnn_3_car_10_n02814533_3202.png
inception_v3,bottle,bottle,7,0920_lp_dnn_7_bottle_10_n02823428_7630.png
inception_v3,knife,knife,7,0921_lp_dnn_7_knife_10_n03041632_45326.png
inception_v3,truck,car,0,0922_lp_dnn_0_car_10_n02814533_27571.png
inception_v3,cat,keyboard,10,0923_lp_dnn_10_keyboard_10_n03085013_5542.png
inception_v3,keyboard,keyboard,1,0925_lp_dnn_1_keyboard_10_n04505470_5112.png
inception_v3,dog,elephant,10,0926_lp_dnn_10_elephant_10_n02504458_11265.png
inception_v3,bicycle,bicycle,0,0927_lp_dnn_0_bicycle_10_n02835271_12674.png
inception_v3,keyboard,keyboard,3,0928_lp_dnn_3_keyboard_10_n04505470_5091.png
inception_v3,bird,boat,7,0929_lp_dnn_7_boat_10_n03344393_3921.png
inception_v3,boat,boat,0,0930_lp_dnn_0_boat_10_n02951358_15479.png
inception_v3,clock,clock,7,0931_lp_dnn_7_clock_10_n04548280_4069.png
inception_v3,keyboard,truck,15,0932_lp_dnn_15_truck_10_n03796401_25386.png
inception_v3,cat,cat,0,0933_lp_dnn_0_cat_10_n02125311_35785.png
inception_v3,elephant,keyboard,15,0934_lp_dnn_15_keyboard_10_n03085013_22496.png
inception_v3,bottle,oven,15,0935_lp_dnn_15_oven_10_n04111531_11530.png
inception_v3,cat,elephant,3,0936_lp_dnn_3_elephant_10_n02504013_1502.png
inception_v3,truck,car,5,0937_lp_dnn_5_car_10_n04285008_2880.png
inception_v3,clock,car,15,0938_lp_dnn_15_car_10_n04285008_9107.png
inception_v3,elephant,elephant,10,0939_lp_dnn_10_elephant_10_n02504013_3197.png
inception_v3,boat,boat,0,0940_lp_dnn_0_boat_10_n03344393_8599.png
inception_v3,airplane,airplane,5,0941_lp_dnn_5_airplane_10_n02690373_6543.png
inception_v3,chair,chair,5,0942_lp_dnn_5_chair_10_n04429376_1935.png
inception_v3,bottle,chair,15,0943_lp_dnn_15_chair_10_n04429376_24434.png
inception_v3,chair,chair,3,0944_lp_dnn_3_chair_10_n04099969_5584.png
inception_v3,car,car,3,0945_lp_dnn_3_car_10_n02814533_44079.png
inception_v3,clock,clock,15,0946_lp_dnn_15_clock_10_n04548280_8892.png
inception_v3,bottle,chair,15,0947_lp_dnn_15_chair_10_n04429376_7123.png
inception_v3,dog,bear,1,0948_lp_dnn_1_bear_10_n02133161_11333.png
inception_v3,dog,dog,1,0949_lp_dnn_1_dog_10_n02097298_6466.png
inception_v3,bicycle,bicycle,1,0951_lp_dnn_1_bicycle_10_n02835271_20920.png
inception_v3,bottle,bottle,0,0952_lp_dnn_0_bottle_10_n02823428_40.png
inception_v3,chair,chair,5,0953_lp_dnn_5_chair_10_n02791124_3731.png
inception_v3,dog,clock,7,0954_lp_dnn_7_clock_10_n03196217_10578.png
inception_v3,airplane,airplane,0,0955_lp_dnn_0_airplane_10_n02690373_181.png
inception_v3,truck,airplane,1,0956_lp_dnn_1_airplane_10_n02690373_5266.png
inception_v3,bottle,dog,15,0957_lp_dnn_15_dog_10_n02101388_20966.png
inception_v3,truck,truck,5,0958_lp_dnn_5_truck_10_n04467665_79452.png
inception_v3,boat,boat,3,0959_lp_dnn_3_boat_10_n02951358_406.png
inception_v3,truck,truck,1,0960_lp_dnn_1_truck_10_n03796401_2866.png
inception_v3,chair,chair,7,0961_lp_dnn_7_chair_10_n03376595_3181.png
inception_v3,bottle,bird,7,0962_lp_dnn_7_bird_10_n01820546_1222.png
inception_v3,bear,bear,1,0963_lp_dnn_1_bear_10_n02133161_195.png
inception_v3,truck,truck,0,0964_lp_dnn_0_truck_10_n03417042_4557.png
inception_v3,bottle,knife,15,0965_lp_dnn_15_knife_10_n03041632_28443.png
inception_v3,chair,chair,7,0966_lp_dnn_7_chair_10_n04099969_12456.png
inception_v3,keyboard,keyboard,1,0967_lp_dnn_1_keyboard_10_n03085013_20914.png
inception_v3,truck,truck,7,0968_lp_dnn_7_truck_10_n03796401_7527.png
inception_v3,knife,keyboard,10,0970_lp_dnn_10_keyboard_10_n03085013_7285.png
inception_v3,bird,bird,0,0971_lp_dnn_0_bird_10_n01855672_15005.png
inception_v3,oven,bear,5,0972_lp_dnn_5_bear_10_n02132136_24311.png
inception_v3,keyboard,chair,0,0973_lp_dnn_0_chair_10_n03376595_6107.png
inception_v3,knife,knife,7,0974_lp_dnn_7_knife_10_n03041632_992.png
inception_v3,truck,clock,5,0975_lp_dnn_5_clock_10_n04548280_4557.png
inception_v3,bottle,boat,7,0976_lp_dnn_7_boat_10_n02951358_2685.png
inception_v3,oven,oven,3,0977_lp_dnn_3_oven_10_n04111531_4370.png
inception_v3,elephant,elephant,5,0978_lp_dnn_5_elephant_10_n02504013_4424.png
inception_v3,dog,dog,7,0979_lp_dnn_7_dog_10_n02098105_2343.png
inception_v3,cat,keyboard,3,0980_lp_dnn_3_keyboard_10_n03085013_18841.png
inception_v3,airplane,airplane,0,0981_lp_dnn_0_airplane_10_n02690373_1386.png
inception_v3,oven,knife,10,0982_lp_dnn_10_knife_10_n03041632_6309.png
inception_v3,chair,chair,3,0983_lp_dnn_3_chair_10_n04429376_57621.png
inception_v3,cat,airplane,7,0984_lp_dnn_7_airplane_10_n02690373_9533.png
inception_v3,knife,airplane,15,0985_lp_dnn_15_airplane_10_n02690373_848.png
inception_v3,knife,cat,15,0986_lp_dnn_15_cat_10_n02123159_737.png
inception_v3,clock,clock,5,0987_lp_dnn_5_clock_10_n02708093_1794.png
inception_v3,keyboard,dog,15,0988_lp_dnn_15_dog_10_n02108915_1114.png
inception_v3,elephant,elephant,3,0989_lp_dnn_3_elephant_10_n02504013_1813.png
inception_v3,bird,bird,3,0990_lp_dnn_3_bird_10_n01855032_8133.png
inception_v3,oven,oven,1,0991_lp_dnn_1_oven_10_n04111531_15629.png
inception_v3,clock,clock,5,0992_lp_dnn_5_clock_10_n03196217_743.png
inception_v3,bicycle,bicycle,1,0993_lp_dnn_1_bicycle_10_n03792782_22416.png
inception_v3,bottle,bicycle,15,0996_lp_dnn_15_bicycle_10_n03792782_54350.png
inception_v3,keyboard,keyboard,1,0997_lp_dnn_1_keyboard_10_n03085013_23697.png
inception_v3,chair,bottle,10,0998_lp_dnn_10_bottle_10_n02823428_4983.png
inception_v3,bottle,bottle,5,0999_lp_dnn_5_bottle_10_n03937543_339.png
inception_v3,knife,truck,7,1000_lp_dnn_7_truck_10_n03417042_28773.png
inception_v3,bottle,truck,15,1001_lp_dnn_15_truck_10_n03417042_10229.png
inception_v3,car,keyboard,7,1002_lp_dnn_7_keyboard_10_n03085013_22942.png
inception_v3,bicycle,bicycle,1,1004_lp_dnn_1_bicycle_10_n02835271_14235.png
inception_v3,elephant,bear,7,1007_lp_dnn_7_bear_10_n02133161_14810.png
inception_v3,dog,bear,10,1008_lp_dnn_10_bear_10_n02133161_5106.png
inception_v3,truck,truck,3,1009_lp_dnn_3_truck_10_n03417042_6272.png
inception_v3,clock,elephant,10,1010_lp_dnn_10_elephant_10_n02504458_5379.png
inception_v3,bottle,truck,5,1011_lp_dnn_5_truck_10_n04467665_30023.png
inception_v3,elephant,elephant,5,1012_lp_dnn_5_elephant_10_n02504458_10013.png
inception_v3,elephant,bicycle,7,1014_lp_dnn_7_bicycle_10_n02835271_2900.png
inception_v3,elephant,elephant,5,1015_lp_dnn_5_elephant_10_n02504013_2974.png
inception_v3,knife,cat,15,1016_lp_dnn_15_cat_10_n02123045_20570.png
inception_v3,boat,boat,3,1017_lp_dnn_3_boat_10_n03662601_14478.png
inception_v3,cat,bird,10,1018_lp_dnn_10_bird_10_n02002556_5829.png
inception_v3,bottle,bottle,0,1019_lp_dnn_0_bottle_10_n04591713_6235.png
inception_v3,car,car,0,1020_lp_dnn_0_car_10_n02814533_10069.png
inception_v3,bear,bear,1,1021_lp_dnn_1_bear_10_n02134418_3383.png
inception_v3,bottle,bear,15,1022_lp_dnn_15_bear_10_n02134418_5777.png
inception_v3,knife,knife,0,1023_lp_dnn_0_knife_10_n03041632_32337.png
inception_v3,oven,truck,10,1024_lp_dnn_10_truck_10_n03417042_12308.png
inception_v3,knife,car,10,1025_lp_dnn_10_car_10_n03100240_8670.png
inception_v3,car,car,3,1026_lp_dnn_3_car_10_n03100240_7836.png
inception_v3,cat,bear,15,1027_lp_dnn_15_bear_10_n02133161_1372.png
inception_v3,clock,cat,10,1029_lp_dnn_10_cat_10_n02123597_3828.png
inception_v3,keyboard,keyboard,0,1030_lp_dnn_0_keyboard_10_n03085013_8865.png
inception_v3,truck,truck,1,1032_lp_dnn_1_truck_10_n03417042_9480.png
inception_v3,elephant,elephant,1,1033_lp_dnn_1_elephant_10_n02504458_5766.png
inception_v3,bottle,bird,10,1034_lp_dnn_10_bird_10_n02006656_11017.png
inception_v3,keyboard,truck,7,1035_lp_dnn_7_truck_10_n03417042_17545.png
inception_v3,bottle,knife,15,1036_lp_dnn_15_knife_10_n03041632_52848.png
inception_v3,dog,dog,0,1037_lp_dnn_0_dog_10_n02088094_3274.png
inception_v3,bottle,bottle,1,1038_lp_dnn_1_bottle_10_n04591713_360.png
inception_v3,chair,chair,0,1039_lp_dnn_0_chair_10_n02791124_13033.png
inception_v3,knife,knife,0,1040_lp_dnn_0_knife_10_n03041632_52702.png
inception_v3,knife,knife,1,1041_lp_dnn_1_knife_10_n03041632_40887.png
inception_v3,cat,cat,5,1042_lp_dnn_5_cat_10_n02123045_11034.png
inception_v3,keyboard,boat,10,1043_lp_dnn_10_boat_10_n03662601_8067.png
inception_v3,truck,oven,5,1044_lp_dnn_5_oven_10_n04111531_15682.png
inception_v3,bicycle,bird,3,1045_lp_dnn_3_bird_10_n01582220_4078.png
inception_v3,oven,boat,7,1046_lp_dnn_7_boat_10_n03344393_4234.png
inception_v3,dog,cat,5,1047_lp_dnn_5_cat_10_n02123394_4164.png
inception_v3,elephant,bear,7,1048_lp_dnn_7_bear_10_n02132136_4888.png
inception_v3,chair,chair,3,1049_lp_dnn_3_chair_10_n04099969_18463.png
inception_v3,oven,airplane,7,1050_lp_dnn_7_airplane_10_n02690373_2293.png
inception_v3,clock,clock,3,1051_lp_dnn_3_clock_10_n03196217_8325.png
inception_v3,dog,knife,5,1052_lp_dnn_5_knife_10_n03041632_43506.png
inception_v3,truck,airplane,3,1053_lp_dnn_3_airplane_10_n02690373_10462.png
inception_v3,clock,clock,1,1054_lp_dnn_1_clock_10_n04548280_7951.png
inception_v3,dog,dog,7,1056_lp_dnn_7_dog_10_n02091467_13440.png
inception_v3,knife,airplane,7,1057_lp_dnn_7_airplane_10_n02690373_7370.png
inception_v3,truck,truck,7,1058_lp_dnn_7_truck_10_n03796401_8212.png
inception_v3,elephant,elephant,1,1059_lp_dnn_1_elephant_10_n02504013_3739.png
inception_v3,elephant,elephant,0,1060_lp_dnn_0_elephant_10_n02504458_1933.png
inception_v3,chair,knife,3,1062_lp_dnn_3_knife_10_n03041632_10000.png
inception_v3,oven,dog,15,1063_lp_dnn_15_dog_10_n02107312_1538.png
inception_v3,knife,knife,0,1064_lp_dnn_0_knife_10_n03041632_8528.png
inception_v3,knife,chair,15,1066_lp_dnn_15_chair_10_n04429376_16192.png
inception_v3,oven,oven,1,1067_lp_dnn_1_oven_10_n04111531_9427.png
inception_v3,clock,clock,0,1068_lp_dnn_0_clock_10_n03196217_484.png
inception_v3,elephant,elephant,3,1069_lp_dnn_3_elephant_10_n02504458_6348.png
inception_v3,car,car,1,1070_lp_dnn_1_car_10_n03100240_1535.png
inception_v3,clock,clock,10,1071_lp_dnn_10_clock_10_n02708093_135.png
inception_v3,chair,oven,0,1072_lp_dnn_0_oven_10_n04111531_7189.png
inception_v3,clock,bottle,15,1074_lp_dnn_15_bottle_10_n03937543_2759.png
inception_v3,knife,knife,5,1076_lp_dnn_5_knife_10_n03041632_18311.png
inception_v3,knife,cat,10,1077_lp_dnn_10_cat_10_n02123394_1957.png
inception_v3,chair,chair,3,1080_lp_dnn_3_chair_10_n04429376_18863.png
inception_v3,knife,boat,15,1081_lp_dnn_15_boat_10_n04273569_103.png
inception_v3,keyboard,keyboard,3,1082_lp_dnn_3_keyboard_10_n03085013_21030.png
inception_v3,truck,car,10,1083_lp_dnn_10_car_10_n02814533_13802.png
inception_v3,clock,clock,0,1084_lp_dnn_0_clock_10_n04548280_3036.png
inception_v3,keyboard,keyboard,5,1085_lp_dnn_5_keyboard_10_n04505470_4878.png
inception_v3,keyboard,keyboard,7,1086_lp_dnn_7_keyboard_10_n03085013_6828.png
inception_v3,dog,cat,5,1087_lp_dnn_5_cat_10_n02123394_1627.png
inception_v3,bear,boat,7,1088_lp_dnn_7_boat_10_n02951358_30909.png
inception_v3,clock,bird,15,1090_lp_dnn_15_bird_10_n02002724_383.png
inception_v3,dog,dog,3,1091_lp_dnn_3_dog_10_n02098105_1217.png
inception_v3,knife,clock,10,1092_lp_dnn_10_clock_10_n03196217_8526.png
inception_v3,boat,boat,3,1093_lp_dnn_3_boat_10_n03344393_5091.png
inception_v3,knife,clock,1,1094_lp_dnn_1_clock_10_n04548280_821.png
inception_v3,oven,oven,0,1096_lp_dnn_0_oven_10_n04111531_22388.png
inception_v3,oven,truck,7,1097_lp_dnn_7_truck_10_n03796401_7928.png
inception_v3,car,car,1,1099_lp_dnn_1_car_10_n04285008_6154.png
inception_v3,clock,clock,0,1100_lp_dnn_0_clock_10_n02708093_22.png
inception_v3,clock,clock,0,1101_lp_dnn_0_clock_10_n03196217_6160.png
inception_v3,cat,cat,0,1103_lp_dnn_0_cat_10_n02125311_21169.png
inception_v3,clock,oven,15,1104_lp_dnn_15_oven_10_n04111531_5168.png
inception_v3,chair,chair,1,1105_lp_dnn_1_chair_10_n02791124_66.png
inception_v3,bottle,bottle,3,1106_lp_dnn_3_bottle_10_n04591713_5364.png
inception_v3,dog,bear,3,1107_lp_dnn_3_bear_10_n02133161_8614.png
inception_v3,truck,truck,3,1108_lp_dnn_3_truck_10_n03417042_7469.png
inception_v3,dog,cat,15,1109_lp_dnn_15_cat_10_n02123159_7629.png
inception_v3,airplane,bicycle,7,1110_lp_dnn_7_bicycle_10_n03792782_1747.png
inception_v3,clock,clock,1,1111_lp_dnn_1_clock_10_n04548280_5525.png
inception_v3,cat,cat,0,1112_lp_dnn_0_cat_10_n02123045_4237.png
inception_v3,keyboard,car,7,1113_lp_dnn_7_car_10_n04285008_1674.png
inception_v3,keyboard,keyboard,1,1114_lp_dnn_1_keyboard_10_n04505470_3852.png
inception_v3,knife,airplane,15,1115_lp_dnn_15_airplane_10_n02690373_2042.png
inception_v3,dog,dog,0,1116_lp_dnn_0_dog_10_n02101006_17876.png
inception_v3,keyboard,clock,10,1117_lp_dnn_10_clock_10_n02708093_6214.png
inception_v3,bear,bear,0,1119_lp_dnn_0_bear_10_n02132136_2846.png
inception_v3,chair,chair,3,1120_lp_dnn_3_chair_10_n04099969_12546.png
inception_v3,boat,boat,7,1121_lp_dnn_7_boat_10_n04612504_12444.png
inception_v3,truck,truck,3,1123_lp_dnn_3_truck_10_n03796401_3250.png
inception_v3,car,car,0,1124_lp_dnn_0_car_10_n04285008_3961.png
inception_v3,boat,car,3,1125_lp_dnn_3_car_10_n03100240_16466.png
inception_v3,keyboard,keyboard,0,1126_lp_dnn_0_keyboard_10_n04505470_1105.png
inception_v3,dog,bear,10,1127_lp_dnn_10_bear_10_n02132136_21799.png
inception_v3,truck,truck,3,1128_lp_dnn_3_truck_10_n03417042_20133.png
inception_v3,chair,bird,10,1129_lp_dnn_10_bird_10_n01843383_277.png
inception_v3,truck,knife,3,1130_lp_dnn_3_knife_10_n03041632_13108.png
inception_v3,cat,bicycle,10,1131_lp_dnn_10_bicycle_10_n03792782_42795.png
inception_v3,bicycle,bicycle,3,1133_lp_dnn_3_bicycle_10_n02835271_2594.png
inception_v3,chair,chair,0,1134_lp_dnn_0_chair_10_n03376595_13927.png
inception_v3,chair,chair,1,1135_lp_dnn_1_chair_10_n03376595_8012.png
inception_v3,chair,airplane,3,1137_lp_dnn_3_airplane_10_n02690373_5870.png
inception_v3,bottle,truck,15,1138_lp_dnn_15_truck_10_n03796401_3495.png
inception_v3,bear,bear,0,1139_lp_dnn_0_bear_10_n02134084_13075.png
inception_v3,bicycle,bicycle,3,1140_lp_dnn_3_bicycle_10_n02835271_9440.png
inception_v3,clock,clock,15,1141_lp_dnn_15_clock_10_n03196217_2488.png
inception_v3,bottle,chair,10,1142_lp_dnn_10_chair_10_n04429376_10341.png
inception_v3,truck,bear,5,1143_lp_dnn_5_bear_10_n02132136_9965.png
inception_v3,oven,oven,1,1144_lp_dnn_1_oven_10_n04111531_22445.png
inception_v3,keyboard,bottle,10,1145_lp_dnn_10_bottle_10_n03937543_1740.png
inception_v3,bicycle,bicycle,3,1146_lp_dnn_3_bicycle_10_n03792782_72443.png
inception_v3,truck,keyboard,5,1147_lp_dnn_5_keyboard_10_n03085013_23319.png
inception_v3,bird,bird,0,1148_lp_dnn_0_bird_10_n01860187_10562.png
inception_v3,oven,oven,5,1149_lp_dnn_5_oven_10_n04111531_585.png
inception_v3,bicycle,bicycle,0,1151_lp_dnn_0_bicycle_10_n03792782_13281.png
inception_v3,truck,car,3,1152_lp_dnn_3_car_10_n02814533_36174.png
inception_v3,elephant,elephant,3,1154_lp_dnn_3_elephant_10_n02504458_10336.png
inception_v3,keyboard,bottle,10,1155_lp_dnn_10_bottle_10_n04591713_10065.png
inception_v3,bottle,oven,15,1156_lp_dnn_15_oven_10_n04111531_9113.png
inception_v3,keyboard,oven,5,1157_lp_dnn_5_oven_10_n04111531_20493.png
inception_v3,bottle,airplane,15,1158_lp_dnn_15_airplane_10_n02690373_6336.png
inception_v3,oven,oven,7,1159_lp_dnn_7_oven_10_n04111531_13354.png
inception_v3,oven,bottle,15,1160_lp_dnn_15_bottle_10_n02823428_8114.png
inception_v3,elephant,dog,5,1161_lp_dnn_5_dog_10_n02092339_4132.png
inception_v3,clock,truck,15,1162_lp_dnn_15_truck_10_n03417042_8121.png
inception_v3,bottle,bottle,7,1164_lp_dnn_7_bottle_10_n04560804_15577.png
inception_v3,bird,bird,1,1166_lp_dnn_1_bird_10_n01601694_3230.png
inception_v3,clock,clock,10,1167_lp_dnn_10_clock_10_n02708093_6730.png
inception_v3,bear,cat,10,1168_lp_dnn_10_cat_10_n02123045_5747.png
inception_v3,bottle,bottle,1,1169_lp_dnn_1_bottle_10_n04579145_4162.png
inception_v3,knife,car,10,1170_lp_dnn_10_car_10_n03100240_1605.png
inception_v3,boat,boat,0,1173_lp_dnn_0_boat_10_n02951358_31986.png
inception_v3,cat,cat,3,1174_lp_dnn_3_cat_10_n02123597_72.png
inception_v3,cat,bicycle,10,1175_lp_dnn_10_bicycle_10_n02835271_13862.png
inception_v3,bottle,car,10,1176_lp_dnn_10_car_10_n03100240_6029.png
inception_v3,bear,bear,3,1178_lp_dnn_3_bear_10_n02133161_10141.png
inception_v3,bottle,boat,15,1179_lp_dnn_15_boat_10_n04612504_13309.png
inception_v3,clock,cat,15,1180_lp_dnn_15_cat_10_n02124075_13747.png
inception_v3,bicycle,bicycle,0,1181_lp_dnn_0_bicycle_10_n03792782_9512.png
inception_v3,knife,airplane,10,1183_lp_dnn_10_airplane_10_n02690373_1862.png
inception_v3,boat,knife,1,1184_lp_dnn_1_knife_10_n03041632_24798.png
inception_v3,knife,airplane,10,1185_lp_dnn_10_airplane_10_n02690373_2580.png
inception_v3,elephant,elephant,3,1186_lp_dnn_3_elephant_10_n02504013_3418.png
inception_v3,dog,bear,5,1187_lp_dnn_5_bear_10_n02132136_9815.png
inception_v3,elephant,elephant,1,1188_lp_dnn_1_elephant_10_n02504458_3985.png
inception_v3,dog,car,3,1189_lp_dnn_3_car_10_n04285008_3410.png
inception_v3,dog,dog,0,1191_lp_dnn_0_dog_10_n02109961_1223.png
inception_v3,bear,bear,5,1192_lp_dnn_5_bear_10_n02134084_20723.png
inception_v3,chair,knife,5,1193_lp_dnn_5_knife_10_n03041632_25022.png
inception_v3,elephant,knife,3,1194_lp_dnn_3_knife_10_n03041632_80829.png
inception_v3,oven,oven,0,1195_lp_dnn_0_oven_10_n04111531_19274.png
inception_v3,oven,boat,5,1196_lp_dnn_5_boat_10_n02951358_12432.png
inception_v3,knife,bird,5,1197_lp_dnn_5_bird_10_n02025239_10733.png
inception_v3,bicycle,bicycle,0,1198_lp_dnn_0_bicycle_10_n02835271_24213.png
inception_v3,bottle,bottle,7,1199_lp_dnn_7_bottle_10_n03983396_12042.png
inception_v3,keyboard,bear,15,1200_lp_dnn_15_bear_10_n02134418_3799.png
inception_v3,dog,bear,3,1201_lp_dnn_3_bear_10_n02134084_21577.png
inception_v3,oven,airplane,7,1202_lp_dnn_7_airplane_10_n02690373_5146.png
inception_v3,boat,boat,0,1203_lp_dnn_0_boat_10_n03344393_3349.png
inception_v3,bird,bird,3,1204_lp_dnn_3_bird_10_n01855672_3491.png
inception_v3,dog,dog,10,1205_lp_dnn_10_dog_10_n02102040_6068.png
inception_v3,clock,car,15,1207_lp_dnn_15_car_10_n02814533_82674.png
inception_v3,bottle,keyboard,10,1208_lp_dnn_10_keyboard_10_n03085013_14351.png
inception_v3,oven,oven,3,1209_lp_dnn_3_oven_10_n04111531_12725.png
inception_v3,bicycle,bicycle,7,1210_lp_dnn_7_bicycle_10_n02835271_769.png
inception_v3,truck,truck,3,1211_lp_dnn_3_truck_10_n04467665_16069.png
inception_v3,knife,dog,10,1212_lp_dnn_10_dog_10_n02088094_9379.png
inception_v3,knife,knife,1,1213_lp_dnn_1_knife_10_n03041632_45338.png
inception_v3,bottle,elephant,15,1214_lp_dnn_15_elephant_10_n02504458_6050.png
inception_v3,truck,truck,5,1215_lp_dnn_5_truck_10_n04467665_31059.png
inception_v3,oven,oven,0,1216_lp_dnn_0_oven_10_n04111531_136.png
inception_v3,bottle,boat,10,1217_lp_dnn_10_boat_10_n03662601_8554.png
inception_v3,boat,boat,0,1219_lp_dnn_0_boat_10_n02951358_29756.png
inception_v3,cat,cat,0,1220_lp_dnn_0_cat_10_n02123597_2370.png
inception_v3,bottle,airplane,15,1221_lp_dnn_15_airplane_10_n02690373_19329.png
inception_v3,dog,keyboard,5,1222_lp_dnn_5_keyboard_10_n03085013_18785.png
inception_v3,knife,knife,3,1223_lp_dnn_3_knife_10_n03041632_19866.png
inception_v3,knife,chair,7,1224_lp_dnn_7_chair_10_n03376595_4190.png
inception_v3,cat,cat,1,1225_lp_dnn_1_cat_10_n02124075_7663.png
inception_v3,clock,boat,10,1226_lp_dnn_10_boat_10_n03344393_4482.png
inception_v3,bird,bird,7,1227_lp_dnn_7_bird_10_n02018795_500.png
inception_v3,knife,bird,15,1229_lp_dnn_15_bird_10_n01819313_5131.png
inception_v3,truck,oven,7,1230_lp_dnn_7_oven_10_n04111531_21068.png
inception_v3,dog,dog,1,1231_lp_dnn_1_dog_10_n02091635_5740.png
inception_v3,bottle,bird,15,1232_lp_dnn_15_bird_10_n01582220_17430.png
inception_v3,boat,boat,0,1233_lp_dnn_0_boat_10_n03344393_5350.png
inception_v3,car,car,0,1235_lp_dnn_0_car_10_n04285008_11290.png
inception_v3,bicycle,bicycle,1,1236_lp_dnn_1_bicycle_10_n03792782_46807.png
inception_v3,bicycle,bird,5,1238_lp_dnn_5_bird_10_n01530575_10367.png
inception_v3,elephant,elephant,7,1240_lp_dnn_7_elephant_10_n02504013_7674.png
inception_v3,bottle,bottle,3,1241_lp_dnn_3_bottle_10_n04560804_19001.png
inception_v3,bottle,bottle,10,1242_lp_dnn_10_bottle_10_n04557648_7601.png
inception_v3,airplane,airplane,1,1243_lp_dnn_1_airplane_10_n02690373_9328.png
inception_v3,chair,chair,1,1244_lp_dnn_1_chair_10_n03376595_9054.png
inception_v3,knife,bottle,7,1245_lp_dnn_7_bottle_10_n04591713_6971.png
inception_v3,keyboard,keyboard,7,1246_lp_dnn_7_keyboard_10_n03085013_18830.png
inception_v3,knife,knife,0,1247_lp_dnn_0_knife_10_n03041632_3023.png
inception_v3,truck,car,5,1248_lp_dnn_5_car_10_n03100240_7385.png
inception_v3,oven,bird,7,1249_lp_dnn_7_bird_10_n01829413_3550.png
inception_v3,bottle,elephant,7,1252_lp_dnn_7_elephant_10_n02504013_7001.png
inception_v3,elephant,elephant,1,1253_lp_dnn_1_elephant_10_n02504458_11345.png
inception_v3,keyboard,boat,5,1254_lp_dnn_5_boat_10_n03662601_2743.png
inception_v3,bottle,clock,15,1255_lp_dnn_15_clock_10_n03196217_3140.png
inception_v3,bear,bear,1,1256_lp_dnn_1_bear_10_n02132136_22604.png
inception_v3,knife,knife,15,1257_lp_dnn_15_knife_10_n03041632_42887.png
inception_v3,clock,airplane,10,1258_lp_dnn_10_airplane_10_n02690373_18468.png
inception_v3,knife,bear,10,1260_lp_dnn_10_bear_10_n02134084_24187.png
inception_v3,oven,dog,7,1262_lp_dnn_7_dog_10_n02092339_2636.png
inception_v3,chair,keyboard,3,1263_lp_dnn_3_keyboard_10_n03085013_8136.png
inception_v3,bottle,bottle,1,1264_lp_dnn_1_bottle_10_n04557648_6373.png
inception_v3,bicycle,bicycle,0,1265_lp_dnn_0_bicycle_10_n02835271_14966.png
inception_v3,oven,keyboard,5,1266_lp_dnn_5_keyboard_10_n03085013_15295.png
inception_v3,clock,oven,7,1269_lp_dnn_7_oven_10_n04111531_2086.png
inception_v3,car,car,1,1270_lp_dnn_1_car_10_n03100240_595.png
inception_v3,chair,airplane,7,1272_lp_dnn_7_airplane_10_n02690373_10131.png
inception_v3,elephant,bear,5,1273_lp_dnn_5_bear_10_n02134418_3531.png
inception_v3,truck,car,10,1274_lp_dnn_10_car_10_n04285008_4811.png
inception_v3,dog,dog,3,1275_lp_dnn_3_dog_10_n02104365_3580.png
inception_v3,bird,bird,3,1276_lp_dnn_3_bird_10_n01616318_6874.png
inception_v3,oven,oven,3,1277_lp_dnn_3_oven_10_n04111531_1002.png
inception_v3,dog,bear,5,1278_lp_dnn_5_bear_10_n02134084_6606.png
inception_v3,dog,knife,3,1279_lp_dnn_3_knife_10_n03041632_19098.png
inception_v3,boat,boat,5,1280_lp_dnn_5_boat_10_n04273569_22274.png
